signature_id,signature_keywords,gene_symbol,gene_entrez_id,gene_weight,signature_method,publication_doi,description
muro2016_ifng,muro2016_ifng|ifng|interferon gamma,CXCL9,4283,NA,mean|,10.1016/S1470-2045(16)00175-3,
muro2016_ifng,muro2016_ifng|ifng|interferon gamma,CXCL10,3627,NA,mean|,10.1016/S1470-2045(16)00175-3,
muro2016_ifng,muro2016_ifng|ifng|interferon gamma,IDO1,3620,NA,mean|,10.1016/S1470-2045(16)00175-3,
muro2016_ifng,muro2016_ifng|ifng|interferon gamma,IFNG,3458,NA,mean|,10.1016/S1470-2045(16)00175-3,
muro2016_ifng,muro2016_ifng|ifng|interferon gamma,HLA-DRA,3122,NA,mean|,10.1016/S1470-2045(16)00175-3,
muro2016_ifng,muro2016_ifng|ifng|interferon gamma,STAT1,6772,NA,mean|,10.1016/S1470-2045(16)00175-3,
fang2021_irgs,fang2021_irgs|immune,DEFB1,1672,-0.319322778,weighted_sum|median,10.18632/aging.202842,
fang2021_irgs,fang2021_irgs|immune,EDNRB,1910,-0.417843642,weighted_sum|median,10.18632/aging.202842,
fang2021_irgs,fang2021_irgs|immune,ADM,133,0.24520493,weighted_sum|median,10.18632/aging.202842,
fang2021_irgs,fang2021_irgs|immune,BTC,685,0.709588827,weighted_sum|median,10.18632/aging.202842,
fang2021_irgs,fang2021_irgs|immune,DKK1,22943,0.477760262,weighted_sum|median,10.18632/aging.202842,
fang2021_irgs,fang2021_irgs|immune,FAM3D,131177,-0.25962002,weighted_sum|median,10.18632/aging.202842,
fang2021_irgs,fang2021_irgs|immune,GNRH1,2796,-0.453322755,weighted_sum|median,10.18632/aging.202842,
fang2021_irgs,fang2021_irgs|immune,STC2,8614,0.416649823,weighted_sum|median,10.18632/aging.202842,
fang2021_irgs,fang2021_irgs|immune,TNFRSF12A,51330,0.2610282,weighted_sum|median,10.18632/aging.202842,
fang2021_irgs,fang2021_irgs|immune,CTLA4,1493,-0.357569677,weighted_sum|median,10.18632/aging.202842,
wu2020_metabolic,wu2020_metabolic|metabolism,HEXB,3074,0.01247,weighted_sum|median,10.1155/2020/6716908,
wu2020_metabolic,wu2020_metabolic|metabolism,ACAT1,38,0.01996,weighted_sum|median,10.1155/2020/6716908,
wu2020_metabolic,wu2020_metabolic|metabolism,GNPDA1,10007,0.02995,weighted_sum|median,10.1155/2020/6716908,
wu2020_metabolic,wu2020_metabolic|metabolism,POLE2,5427,-0.17051,weighted_sum|median,10.1155/2020/6716908,
wu2020_metabolic,wu2020_metabolic|metabolism,SMS,6611,0.00156,weighted_sum|median,10.1155/2020/6716908,
wu2020_metabolic,wu2020_metabolic|metabolism,AGPS,8540,0.0005,weighted_sum|median,10.1155/2020/6716908,
wu2020_metabolic,wu2020_metabolic|metabolism,PYGL,5836,0.00442,weighted_sum|median,10.1155/2020/6716908,
wu2020_metabolic,wu2020_metabolic|metabolism,ACAA1,30,-0.00201,weighted_sum|median,10.1155/2020/6716908,
wu2020_metabolic,wu2020_metabolic|metabolism,MTHFD2,10797,0.00689,weighted_sum|median,10.1155/2020/6716908,
wu2020_metabolic,wu2020_metabolic|metabolism,PLCB3,5331,0.02056,weighted_sum|median,10.1155/2020/6716908,
wu2020_metabolic,wu2020_metabolic|metabolism,POLD2,5425,0.0017,weighted_sum|median,10.1155/2020/6716908,
wu2020_metabolic,wu2020_metabolic|metabolism,KYNU,8942,0.03766,weighted_sum|median,10.1155/2020/6716908,
wu2020_metabolic,wu2020_metabolic|metabolism,ENTPD1,953,-0.01556,weighted_sum|median,10.1155/2020/6716908,
wu2020_metabolic,wu2020_metabolic|metabolism,LCLAT1,253558,0.02843,weighted_sum|median,10.1155/2020/6716908,
wu2020_metabolic,wu2020_metabolic|metabolism,PIP4K2A,5305,-0.00409,weighted_sum|median,10.1155/2020/6716908,
wu2020_metabolic,wu2020_metabolic|metabolism,DNMT1,1786,-0.01837,weighted_sum|median,10.1155/2020/6716908,
wu2020_metabolic,wu2020_metabolic|metabolism,ADK,132,0.00435,weighted_sum|median,10.1155/2020/6716908,
wu2020_metabolic,wu2020_metabolic|metabolism,ADA,100,0.0148,weighted_sum|median,10.1155/2020/6716908,
wu2020_metabolic,wu2020_metabolic|metabolism,PAFAH1B2,5049,0.00517,weighted_sum|median,10.1155/2020/6716908,
wu2020_metabolic,wu2020_metabolic|metabolism,PLA2G2D,26279,-0.03567,weighted_sum|median,10.1155/2020/6716908,
wu2020_metabolic,wu2020_metabolic|metabolism,DGKQ,1609,-0.03222,weighted_sum|median,10.1155/2020/6716908,
wu2020_metabolic,wu2020_metabolic|metabolism,ADH7,131,0.00527,weighted_sum|median,10.1155/2020/6716908,
wu2020_metabolic,wu2020_metabolic|metabolism,ACOX3,8310,-0.00481,weighted_sum|median,10.1155/2020/6716908,
wu2020_metabolic,wu2020_metabolic|metabolism,ASNS,440,0.00862,weighted_sum|median,10.1155/2020/6716908,
wu2020_metabolic,wu2020_metabolic|metabolism,HPRT1,3251,0.00982,weighted_sum|median,10.1155/2020/6716908,
wu2020_metabolic,wu2020_metabolic|metabolism,ATIC,471,0.00835,weighted_sum|median,10.1155/2020/6716908,
wu2020_metabolic,wu2020_metabolic|metabolism,PRPS1,5631,0.01487,weighted_sum|median,10.1155/2020/6716908,
wu2020_metabolic,wu2020_metabolic|metabolism,NADSYN1,55191,0.01067,weighted_sum|median,10.1155/2020/6716908,
wu2020_metabolic,wu2020_metabolic|metabolism,RDH11,51109,0.00258,weighted_sum|median,10.1155/2020/6716908,
wu2020_metabolic,wu2020_metabolic|metabolism,HADHB,3032,0.01222,weighted_sum|median,10.1155/2020/6716908,
ayers2017_immexp,ayers2017_immexp|immune,CD3D,915,NA,mean|,10.1172/JCI91190,
ayers2017_immexp,ayers2017_immexp|immune,IDO1,3620,NA,mean|,10.1172/JCI91190,
ayers2017_immexp,ayers2017_immexp|immune,CIITA,4261,NA,mean|,10.1172/JCI91190,
ayers2017_immexp,ayers2017_immexp|immune,CD3E,916,NA,mean|,10.1172/JCI91190,
ayers2017_immexp,ayers2017_immexp|immune,CCL5,6352,NA,mean|,10.1172/JCI91190,
ayers2017_immexp,ayers2017_immexp|immune,GZMK,3003,NA,mean|,10.1172/JCI91190,
ayers2017_immexp,ayers2017_immexp|immune,CD2,914,NA,mean|,10.1172/JCI91190,
ayers2017_immexp,ayers2017_immexp|immune,HLA-DRA,3122,NA,mean|,10.1172/JCI91190,
ayers2017_immexp,ayers2017_immexp|immune,CXCL13,10563,NA,mean|,10.1172/JCI91190,
ayers2017_immexp,ayers2017_immexp|immune,IL2RG,3561,NA,mean|,10.1172/JCI91190,
ayers2017_immexp,ayers2017_immexp|immune,NKG7,4818,NA,mean|,10.1172/JCI91190,
ayers2017_immexp,ayers2017_immexp|immune,HLA-E,3133,NA,mean|,10.1172/JCI91190,
ayers2017_immexp,ayers2017_immexp|immune,CXCR6,10663,NA,mean|,10.1172/JCI91190,
ayers2017_immexp,ayers2017_immexp|immune,LAG3,3902,NA,mean|,10.1172/JCI91190,
ayers2017_immexp,ayers2017_immexp|immune,TAGAP,117289,NA,mean|,10.1172/JCI91190,
ayers2017_immexp,ayers2017_immexp|immune,CXCL10,3627,NA,mean|,10.1172/JCI91190,
ayers2017_immexp,ayers2017_immexp|immune,STAT1,6772,NA,mean|,10.1172/JCI91190,
ayers2017_immexp,ayers2017_immexp|immune,GZMB,3002,NA,mean|,10.1172/JCI91190,
cinsarc,cinsarc|sarcoma|sts|metastasis,ANLN,54443,NA,cinsarc|,10.1038/nm.2174,
cinsarc,cinsarc|sarcoma|sts|metastasis,ASPM,259266,NA,cinsarc|,10.1038/nm.2174,
cinsarc,cinsarc|sarcoma|sts|metastasis,AURKA,6790,NA,cinsarc|,10.1038/nm.2174,
cinsarc,cinsarc|sarcoma|sts|metastasis,AURKB,9212,NA,cinsarc|,10.1038/nm.2174,
cinsarc,cinsarc|sarcoma|sts|metastasis,BIRC5,332,NA,cinsarc|,10.1038/nm.2174,
cinsarc,cinsarc|sarcoma|sts|metastasis,BORA,79866,NA,cinsarc|,10.1038/nm.2174,
cinsarc,cinsarc|sarcoma|sts|metastasis,BUB1,699,NA,cinsarc|,10.1038/nm.2174,
cinsarc,cinsarc|sarcoma|sts|metastasis,BUB1B,701,NA,cinsarc|,10.1038/nm.2174,
cinsarc,cinsarc|sarcoma|sts|metastasis,CCNA2,890,NA,cinsarc|,10.1038/nm.2174,
cinsarc,cinsarc|sarcoma|sts|metastasis,CCNB1,891,NA,cinsarc|,10.1038/nm.2174,
cinsarc,cinsarc|sarcoma|sts|metastasis,CCNB2,9133,NA,cinsarc|,10.1038/nm.2174,
cinsarc,cinsarc|sarcoma|sts|metastasis,CDC20,991,NA,cinsarc|,10.1038/nm.2174,
cinsarc,cinsarc|sarcoma|sts|metastasis,CDC45,8318,NA,cinsarc|,10.1038/nm.2174,
cinsarc,cinsarc|sarcoma|sts|metastasis,CDC6,990,NA,cinsarc|,10.1038/nm.2174,
cinsarc,cinsarc|sarcoma|sts|metastasis,CDC7,8317,NA,cinsarc|,10.1038/nm.2174,
cinsarc,cinsarc|sarcoma|sts|metastasis,CDCA2,157313,NA,cinsarc|,10.1038/nm.2174,
cinsarc,cinsarc|sarcoma|sts|metastasis,CDCA3,83461,NA,cinsarc|,10.1038/nm.2174,
cinsarc,cinsarc|sarcoma|sts|metastasis,CDCA8,55143,NA,cinsarc|,10.1038/nm.2174,
cinsarc,cinsarc|sarcoma|sts|metastasis,CDK1,983,NA,cinsarc|,10.1038/nm.2174,
cinsarc,cinsarc|sarcoma|sts|metastasis,CENPA,1058,NA,cinsarc|,10.1038/nm.2174,
cinsarc,cinsarc|sarcoma|sts|metastasis,CENPE,1062,NA,cinsarc|,10.1038/nm.2174,
cinsarc,cinsarc|sarcoma|sts|metastasis,CENPL,91687,NA,cinsarc|,10.1038/nm.2174,
cinsarc,cinsarc|sarcoma|sts|metastasis,CEP55,55165,NA,cinsarc|,10.1038/nm.2174,
cinsarc,cinsarc|sarcoma|sts|metastasis,CHEK1,1111,NA,cinsarc|,10.1038/nm.2174,
cinsarc,cinsarc|sarcoma|sts|metastasis,CKAP5,9793,NA,cinsarc|,10.1038/nm.2174,
cinsarc,cinsarc|sarcoma|sts|metastasis,CKS2,1164,NA,cinsarc|,10.1038/nm.2174,
cinsarc,cinsarc|sarcoma|sts|metastasis,ECT2,1894,NA,cinsarc|,10.1038/nm.2174,
cinsarc,cinsarc|sarcoma|sts|metastasis,ESPL1,9700,NA,cinsarc|,10.1038/nm.2174,
cinsarc,cinsarc|sarcoma|sts|metastasis,FANCI,55215,NA,cinsarc|,10.1038/nm.2174,
cinsarc,cinsarc|sarcoma|sts|metastasis,FBXO5,26271,NA,cinsarc|,10.1038/nm.2174,
cinsarc,cinsarc|sarcoma|sts|metastasis,FOXM1,2305,NA,cinsarc|,10.1038/nm.2174,
cinsarc,cinsarc|sarcoma|sts|metastasis,H2AX,3014,NA,cinsarc|,10.1038/nm.2174,
cinsarc,cinsarc|sarcoma|sts|metastasis,HP1BP3,50809,NA,cinsarc|,10.1038/nm.2174,
cinsarc,cinsarc|sarcoma|sts|metastasis,KIF11,3832,NA,cinsarc|,10.1038/nm.2174,
cinsarc,cinsarc|sarcoma|sts|metastasis,KIF14,9928,NA,cinsarc|,10.1038/nm.2174,
cinsarc,cinsarc|sarcoma|sts|metastasis,KIF15,56992,NA,cinsarc|,10.1038/nm.2174,
cinsarc,cinsarc|sarcoma|sts|metastasis,KIF18A,81930,NA,cinsarc|,10.1038/nm.2174,
cinsarc,cinsarc|sarcoma|sts|metastasis,KIF20A,10112,NA,cinsarc|,10.1038/nm.2174,
cinsarc,cinsarc|sarcoma|sts|metastasis,KIF23,9493,NA,cinsarc|,10.1038/nm.2174,
cinsarc,cinsarc|sarcoma|sts|metastasis,KIF2C,11004,NA,cinsarc|,10.1038/nm.2174,
cinsarc,cinsarc|sarcoma|sts|metastasis,KIF4A,24137,NA,cinsarc|,10.1038/nm.2174,
cinsarc,cinsarc|sarcoma|sts|metastasis,MAD2L1,4085,NA,cinsarc|,10.1038/nm.2174,
cinsarc,cinsarc|sarcoma|sts|metastasis,MCM2,4171,NA,cinsarc|,10.1038/nm.2174,
cinsarc,cinsarc|sarcoma|sts|metastasis,MCM7,4176,NA,cinsarc|,10.1038/nm.2174,
cinsarc,cinsarc|sarcoma|sts|metastasis,MELK,9833,NA,cinsarc|,10.1038/nm.2174,
cinsarc,cinsarc|sarcoma|sts|metastasis,NCAPH,23397,NA,cinsarc|,10.1038/nm.2174,
cinsarc,cinsarc|sarcoma|sts|metastasis,NDE1,54820,NA,cinsarc|,10.1038/nm.2174,
cinsarc,cinsarc|sarcoma|sts|metastasis,NEK2,4751,NA,cinsarc|,10.1038/nm.2174,
cinsarc,cinsarc|sarcoma|sts|metastasis,NUF2,83540,NA,cinsarc|,10.1038/nm.2174,
cinsarc,cinsarc|sarcoma|sts|metastasis,OIP5,11339,NA,cinsarc|,10.1038/nm.2174,
cinsarc,cinsarc|sarcoma|sts|metastasis,PBK,55872,NA,cinsarc|,10.1038/nm.2174,
cinsarc,cinsarc|sarcoma|sts|metastasis,PLK4,10733,NA,cinsarc|,10.1038/nm.2174,
cinsarc,cinsarc|sarcoma|sts|metastasis,PRC1,9055,NA,cinsarc|,10.1038/nm.2174,
cinsarc,cinsarc|sarcoma|sts|metastasis,PTTG1,9232,NA,cinsarc|,10.1038/nm.2174,
cinsarc,cinsarc|sarcoma|sts|metastasis,RAD51AP1,10635,NA,cinsarc|,10.1038/nm.2174,
cinsarc,cinsarc|sarcoma|sts|metastasis,RNASEH2A,10535,NA,cinsarc|,10.1038/nm.2174,
cinsarc,cinsarc|sarcoma|sts|metastasis,RRM2,6241,NA,cinsarc|,10.1038/nm.2174,
cinsarc,cinsarc|sarcoma|sts|metastasis,SGO2,151246,NA,cinsarc|,10.1038/nm.2174,
cinsarc,cinsarc|sarcoma|sts|metastasis,SMC2,10592,NA,cinsarc|,10.1038/nm.2174,
cinsarc,cinsarc|sarcoma|sts|metastasis,SPAG5,10615,NA,cinsarc|,10.1038/nm.2174,
cinsarc,cinsarc|sarcoma|sts|metastasis,SPC25,57405,NA,cinsarc|,10.1038/nm.2174,
cinsarc,cinsarc|sarcoma|sts|metastasis,TOP2A,7153,NA,cinsarc|,10.1038/nm.2174,
cinsarc,cinsarc|sarcoma|sts|metastasis,TPX2,22974,NA,cinsarc|,10.1038/nm.2174,
cinsarc,cinsarc|sarcoma|sts|metastasis,TRIP13,9319,NA,cinsarc|,10.1038/nm.2174,
cinsarc,cinsarc|sarcoma|sts|metastasis,TTK,7272,NA,cinsarc|,10.1038/nm.2174,
cinsarc,cinsarc|sarcoma|sts|metastasis,UBE2C,11065,NA,cinsarc|,10.1038/nm.2174,
cinsarc,cinsarc|sarcoma|sts|metastasis,ZWINT,11130,NA,cinsarc|,10.1038/nm.2174,
rooney2015_cytoact,rooney2015_cytoact|immune|cytolitic activity,GZMA,3001,NA,mean|median,10.1016/j.cell.2014.12.033,
rooney2015_cytoact,rooney2015_cytoact|immune|cytolitic activity,PRF1,5551,NA,mean|median,10.1016/j.cell.2014.12.033,
she2020_irgs,she2020_irgs|immune,RFXAP,5994,0.073,weighted_sum|0.106,10.1186/s12935-020-1104-7,
she2020_irgs,she2020_irgs|immune,ULBP1,80329,0.007,weighted_sum|0.106,10.1186/s12935-020-1104-7,
she2020_irgs,she2020_irgs|immune,TMSB4Y,9087,-0.117,weighted_sum|0.106,10.1186/s12935-020-1104-7,
she2020_irgs,she2020_irgs|immune,RBP4,5950,0.067,weighted_sum|0.106,10.1186/s12935-020-1104-7,
she2020_irgs,she2020_irgs|immune,LCNL1,401562,-0.056,weighted_sum|0.106,10.1186/s12935-020-1104-7,
she2020_irgs,she2020_irgs|immune,CCR6,1235,-0.009,weighted_sum|0.106,10.1186/s12935-020-1104-7,
she2020_irgs,she2020_irgs|immune,KLRK1,22914,-0.093,weighted_sum|0.106,10.1186/s12935-020-1104-7,
she2020_irgs,she2020_irgs|immune,PTX3,5806,0.037,weighted_sum|0.106,10.1186/s12935-020-1104-7,
she2020_irgs,she2020_irgs|immune,MASP1,5648,-0.203,weighted_sum|0.106,10.1186/s12935-020-1104-7,
she2020_irgs,she2020_irgs|immune,HRG,3273,0.043,weighted_sum|0.106,10.1186/s12935-020-1104-7,
she2020_irgs,she2020_irgs|immune,CCL22,6367,-0.061,weighted_sum|0.106,10.1186/s12935-020-1104-7,
she2020_irgs,she2020_irgs|immune,OLR1,4973,0.04,weighted_sum|0.106,10.1186/s12935-020-1104-7,
she2020_irgs,she2020_irgs|immune,ROBO1,6091,-0.026,weighted_sum|0.106,10.1186/s12935-020-1104-7,
she2020_irgs,she2020_irgs|immune,BTC,685,0.146,weighted_sum|0.106,10.1186/s12935-020-1104-7,
she2020_irgs,she2020_irgs|immune,CHGB,1114,0.113,weighted_sum|0.106,10.1186/s12935-020-1104-7,
she2020_irgs,she2020_irgs|immune,DKK1,22943,0.088,weighted_sum|0.106,10.1186/s12935-020-1104-7,
she2020_irgs,she2020_irgs|immune,HBEGF,1839,0.109,weighted_sum|0.106,10.1186/s12935-020-1104-7,
she2020_irgs,she2020_irgs|immune,INHBB,3625,0.009,weighted_sum|0.106,10.1186/s12935-020-1104-7,
she2020_irgs,she2020_irgs|immune,PDGFA,5154,0.037,weighted_sum|0.106,10.1186/s12935-020-1104-7,
she2020_irgs,she2020_irgs|immune,AVPR2,554,-0.043,weighted_sum|0.106,10.1186/s12935-020-1104-7,
she2020_irgs,she2020_irgs|immune,IL20RA,53832,-0.067,weighted_sum|0.106,10.1186/s12935-020-1104-7,
she2020_irgs,she2020_irgs|immune,RORB,6096,-0.01,weighted_sum|0.106,10.1186/s12935-020-1104-7,
she2020_irgs,she2020_irgs|immune,TNFRSF18,8784,-0.071,weighted_sum|0.106,10.1186/s12935-020-1104-7,
she2020_irgs,she2020_irgs|immune,TNFRSF25,8718,-0.051,weighted_sum|0.106,10.1186/s12935-020-1104-7,
she2020_irgs,she2020_irgs|immune,TNFRSF4,7293,-0.054,weighted_sum|0.106,10.1186/s12935-020-1104-7,
she2020_irgs,she2020_irgs|immune,SH3BP2,6452,-0.004,weighted_sum|0.106,10.1186/s12935-020-1104-7,
she2020_irgs,she2020_irgs|immune,ICOS,29851,-0.017,weighted_sum|0.106,10.1186/s12935-020-1104-7,
estimate_stromal,estimate|stromal,DCN,1634,NA,estimate|,10.1038/ncomms3612,
estimate_stromal,estimate|stromal,PAPPA,5069,NA,estimate|,10.1038/ncomms3612,
estimate_stromal,estimate|stromal,SFRP4,6424,NA,estimate|,10.1038/ncomms3612,
estimate_stromal,estimate|stromal,THBS2,7058,NA,estimate|,10.1038/ncomms3612,
estimate_stromal,estimate|stromal,LY86,9450,NA,estimate|,10.1038/ncomms3612,
estimate_stromal,estimate|stromal,CXCL14,9547,NA,estimate|,10.1038/ncomms3612,
estimate_stromal,estimate|stromal,FOXF1,2294,NA,estimate|,10.1038/ncomms3612,
estimate_stromal,estimate|stromal,COL10A1,1300,NA,estimate|,10.1038/ncomms3612,
estimate_stromal,estimate|stromal,ACTG2,72,NA,estimate|,10.1038/ncomms3612,
estimate_stromal,estimate|stromal,APBB1IP,54518,NA,estimate|,10.1038/ncomms3612,
estimate_stromal,estimate|stromal,SH2D1A,4068,NA,estimate|,10.1038/ncomms3612,
estimate_stromal,estimate|stromal,SULF1,23213,NA,estimate|,10.1038/ncomms3612,
estimate_stromal,estimate|stromal,MSR1,4481,NA,estimate|,10.1038/ncomms3612,
estimate_stromal,estimate|stromal,C3AR1,719,NA,estimate|,10.1038/ncomms3612,
estimate_stromal,estimate|stromal,FAP,2191,NA,estimate|,10.1038/ncomms3612,
estimate_stromal,estimate|stromal,PTGIS,5740,NA,estimate|,10.1038/ncomms3612,
estimate_stromal,estimate|stromal,ITGBL1,9358,NA,estimate|,10.1038/ncomms3612,
estimate_stromal,estimate|stromal,BGN,633,NA,estimate|,10.1038/ncomms3612,
estimate_stromal,estimate|stromal,CXCL12,6387,NA,estimate|,10.1038/ncomms3612,
estimate_stromal,estimate|stromal,ECM2,1842,NA,estimate|,10.1038/ncomms3612,
estimate_stromal,estimate|stromal,FCGR2A,2212,NA,estimate|,10.1038/ncomms3612,
estimate_stromal,estimate|stromal,MS4A4A,51338,NA,estimate|,10.1038/ncomms3612,
estimate_stromal,estimate|stromal,CCN4,8840,NA,estimate|,10.1038/ncomms3612,
estimate_stromal,estimate|stromal,COL1A2,1278,NA,estimate|,10.1038/ncomms3612,
estimate_stromal,estimate|stromal,MS4A6A,64231,NA,estimate|,10.1038/ncomms3612,
estimate_stromal,estimate|stromal,EDNRA,1909,NA,estimate|,10.1038/ncomms3612,
estimate_stromal,estimate|stromal,VCAM1,7412,NA,estimate|,10.1038/ncomms3612,
estimate_stromal,estimate|stromal,ADGRA2,25960,NA,estimate|,10.1038/ncomms3612,
estimate_stromal,estimate|stromal,SCUBE2,57758,NA,estimate|,10.1038/ncomms3612,
estimate_stromal,estimate|stromal,AIF1,199,NA,estimate|,10.1038/ncomms3612,
estimate_stromal,estimate|stromal,HEPH,9843,NA,estimate|,10.1038/ncomms3612,
estimate_stromal,estimate|stromal,LUM,4060,NA,estimate|,10.1038/ncomms3612,
estimate_stromal,estimate|stromal,PTGER3,5733,NA,estimate|,10.1038/ncomms3612,
estimate_stromal,estimate|stromal,RUNX1T1,862,NA,estimate|,10.1038/ncomms3612,
estimate_stromal,estimate|stromal,CDH5,1003,NA,estimate|,10.1038/ncomms3612,
estimate_stromal,estimate|stromal,PIK3R5,23533,NA,estimate|,10.1038/ncomms3612,
estimate_stromal,estimate|stromal,RAMP3,10268,NA,estimate|,10.1038/ncomms3612,
estimate_stromal,estimate|stromal,LDB2,9079,NA,estimate|,10.1038/ncomms3612,
estimate_stromal,estimate|stromal,COX7A1,1346,NA,estimate|,10.1038/ncomms3612,
estimate_stromal,estimate|stromal,EDIL3,10085,NA,estimate|,10.1038/ncomms3612,
estimate_stromal,estimate|stromal,DDR2,4921,NA,estimate|,10.1038/ncomms3612,
estimate_stromal,estimate|stromal,FCGR2B,2213,NA,estimate|,10.1038/ncomms3612,
estimate_stromal,estimate|stromal,PLPPR4,9890,NA,estimate|,10.1038/ncomms3612,
estimate_stromal,estimate|stromal,COL15A1,1306,NA,estimate|,10.1038/ncomms3612,
estimate_stromal,estimate|stromal,AOC3,8639,NA,estimate|,10.1038/ncomms3612,
estimate_stromal,estimate|stromal,ITIH3,3699,NA,estimate|,10.1038/ncomms3612,
estimate_stromal,estimate|stromal,FMO1,2326,NA,estimate|,10.1038/ncomms3612,
estimate_stromal,estimate|stromal,PRKG1,5592,NA,estimate|,10.1038/ncomms3612,
estimate_stromal,estimate|stromal,PLXDC1,57125,NA,estimate|,10.1038/ncomms3612,
estimate_stromal,estimate|stromal,VSIG4,11326,NA,estimate|,10.1038/ncomms3612,
estimate_stromal,estimate|stromal,COL6A3,1293,NA,estimate|,10.1038/ncomms3612,
estimate_stromal,estimate|stromal,SGCD,6444,NA,estimate|,10.1038/ncomms3612,
estimate_stromal,estimate|stromal,COL3A1,1281,NA,estimate|,10.1038/ncomms3612,
estimate_stromal,estimate|stromal,F13A1,2162,NA,estimate|,10.1038/ncomms3612,
estimate_stromal,estimate|stromal,OLFML1,283298,NA,estimate|,10.1038/ncomms3612,
estimate_stromal,estimate|stromal,IGSF6,10261,NA,estimate|,10.1038/ncomms3612,
estimate_stromal,estimate|stromal,COMP,1311,NA,estimate|,10.1038/ncomms3612,
estimate_stromal,estimate|stromal,HGF,3082,NA,estimate|,10.1038/ncomms3612,
estimate_stromal,estimate|stromal,GIMAP5,55340,NA,estimate|,10.1038/ncomms3612,
estimate_stromal,estimate|stromal,ABCA6,23460,NA,estimate|,10.1038/ncomms3612,
estimate_stromal,estimate|stromal,ITGAM,3684,NA,estimate|,10.1038/ncomms3612,
estimate_stromal,estimate|stromal,MAF,4094,NA,estimate|,10.1038/ncomms3612,
estimate_stromal,estimate|stromal,ITM2A,9452,NA,estimate|,10.1038/ncomms3612,
estimate_stromal,estimate|stromal,CLEC7A,64581,NA,estimate|,10.1038/ncomms3612,
estimate_stromal,estimate|stromal,ASPN,54829,NA,estimate|,10.1038/ncomms3612,
estimate_stromal,estimate|stromal,LRRC15,131578,NA,estimate|,10.1038/ncomms3612,
estimate_stromal,estimate|stromal,ERG,2078,NA,estimate|,10.1038/ncomms3612,
estimate_stromal,estimate|stromal,CD86,942,NA,estimate|,10.1038/ncomms3612,
estimate_stromal,estimate|stromal,TRAT1,50852,NA,estimate|,10.1038/ncomms3612,
estimate_stromal,estimate|stromal,COL8A2,1296,NA,estimate|,10.1038/ncomms3612,
estimate_stromal,estimate|stromal,TCF21,6943,NA,estimate|,10.1038/ncomms3612,
estimate_stromal,estimate|stromal,CD93,22918,NA,estimate|,10.1038/ncomms3612,
estimate_stromal,estimate|stromal,CD163,9332,NA,estimate|,10.1038/ncomms3612,
estimate_stromal,estimate|stromal,GREM1,26585,NA,estimate|,10.1038/ncomms3612,
estimate_stromal,estimate|stromal,LMOD1,25802,NA,estimate|,10.1038/ncomms3612,
estimate_stromal,estimate|stromal,TLR2,7097,NA,estimate|,10.1038/ncomms3612,
estimate_stromal,estimate|stromal,ZEB2,9839,NA,estimate|,10.1038/ncomms3612,
estimate_stromal,estimate|stromal,C1QB,713,NA,estimate|,10.1038/ncomms3612,
estimate_stromal,estimate|stromal,KCNJ8,3764,NA,estimate|,10.1038/ncomms3612,
estimate_stromal,estimate|stromal,KDR,3791,NA,estimate|,10.1038/ncomms3612,
estimate_stromal,estimate|stromal,CD33,945,NA,estimate|,10.1038/ncomms3612,
estimate_stromal,estimate|stromal,RASGRP3,25780,NA,estimate|,10.1038/ncomms3612,
estimate_stromal,estimate|stromal,TNFSF4,7292,NA,estimate|,10.1038/ncomms3612,
estimate_stromal,estimate|stromal,CCR1,1230,NA,estimate|,10.1038/ncomms3612,
estimate_stromal,estimate|stromal,CSF1R,1436,NA,estimate|,10.1038/ncomms3612,
estimate_stromal,estimate|stromal,BTK,695,NA,estimate|,10.1038/ncomms3612,
estimate_stromal,estimate|stromal,MFAP5,8076,NA,estimate|,10.1038/ncomms3612,
estimate_stromal,estimate|stromal,MXRA5,25878,NA,estimate|,10.1038/ncomms3612,
estimate_stromal,estimate|stromal,ISLR,3671,NA,estimate|,10.1038/ncomms3612,
estimate_stromal,estimate|stromal,ARHGAP28,79822,NA,estimate|,10.1038/ncomms3612,
estimate_stromal,estimate|stromal,ZFPM2,23414,NA,estimate|,10.1038/ncomms3612,
estimate_stromal,estimate|stromal,TLR7,51284,NA,estimate|,10.1038/ncomms3612,
estimate_stromal,estimate|stromal,ADAM12,8038,NA,estimate|,10.1038/ncomms3612,
estimate_stromal,estimate|stromal,OLFML2B,25903,NA,estimate|,10.1038/ncomms3612,
estimate_stromal,estimate|stromal,ENPP2,5168,NA,estimate|,10.1038/ncomms3612,
estimate_stromal,estimate|stromal,CILP,8483,NA,estimate|,10.1038/ncomms3612,
estimate_stromal,estimate|stromal,SIGLEC1,6614,NA,estimate|,10.1038/ncomms3612,
estimate_stromal,estimate|stromal,SPON2,10417,NA,estimate|,10.1038/ncomms3612,
estimate_stromal,estimate|stromal,PLXNC1,10154,NA,estimate|,10.1038/ncomms3612,
estimate_stromal,estimate|stromal,ADAMTS5,11096,NA,estimate|,10.1038/ncomms3612,
estimate_stromal,estimate|stromal,SAMSN1,64092,NA,estimate|,10.1038/ncomms3612,
estimate_stromal,estimate|stromal,CH25H,9023,NA,estimate|,10.1038/ncomms3612,
estimate_stromal,estimate|stromal,COL14A1,7373,NA,estimate|,10.1038/ncomms3612,
estimate_stromal,estimate|stromal,EMCN,51705,NA,estimate|,10.1038/ncomms3612,
estimate_stromal,estimate|stromal,RGS4,5999,NA,estimate|,10.1038/ncomms3612,
estimate_stromal,estimate|stromal,PCDH12,51294,NA,estimate|,10.1038/ncomms3612,
estimate_stromal,estimate|stromal,RARRES2,5919,NA,estimate|,10.1038/ncomms3612,
estimate_stromal,estimate|stromal,CD248,57124,NA,estimate|,10.1038/ncomms3612,
estimate_stromal,estimate|stromal,PDGFRB,5159,NA,estimate|,10.1038/ncomms3612,
estimate_stromal,estimate|stromal,C1QA,712,NA,estimate|,10.1038/ncomms3612,
estimate_stromal,estimate|stromal,COL5A3,50509,NA,estimate|,10.1038/ncomms3612,
estimate_stromal,estimate|stromal,IGF1,3479,NA,estimate|,10.1038/ncomms3612,
estimate_stromal,estimate|stromal,SP140,11262,NA,estimate|,10.1038/ncomms3612,
estimate_stromal,estimate|stromal,TFEC,22797,NA,estimate|,10.1038/ncomms3612,
estimate_stromal,estimate|stromal,TNN,63923,NA,estimate|,10.1038/ncomms3612,
estimate_stromal,estimate|stromal,ATP8B4,79895,NA,estimate|,10.1038/ncomms3612,
estimate_stromal,estimate|stromal,ZNF423,23090,NA,estimate|,10.1038/ncomms3612,
estimate_stromal,estimate|stromal,FRZB,2487,NA,estimate|,10.1038/ncomms3612,
estimate_stromal,estimate|stromal,SERPING1,710,NA,estimate|,10.1038/ncomms3612,
estimate_stromal,estimate|stromal,ENPEP,2028,NA,estimate|,10.1038/ncomms3612,
estimate_stromal,estimate|stromal,CD14,929,NA,estimate|,10.1038/ncomms3612,
estimate_stromal,estimate|stromal,DIO2,1734,NA,estimate|,10.1038/ncomms3612,
estimate_stromal,estimate|stromal,FPR1,2357,NA,estimate|,10.1038/ncomms3612,
estimate_stromal,estimate|stromal,IL18R1,8809,NA,estimate|,10.1038/ncomms3612,
estimate_stromal,estimate|stromal,HDC,3067,NA,estimate|,10.1038/ncomms3612,
estimate_stromal,estimate|stromal,NME8,51314,NA,estimate|,10.1038/ncomms3612,
estimate_stromal,estimate|stromal,PDE2A,5138,NA,estimate|,10.1038/ncomms3612,
estimate_stromal,estimate|stromal,RSAD2,91543,NA,estimate|,10.1038/ncomms3612,
estimate_stromal,estimate|stromal,ITIH5,80760,NA,estimate|,10.1038/ncomms3612,
estimate_stromal,estimate|stromal,FASLG,356,NA,estimate|,10.1038/ncomms3612,
estimate_stromal,estimate|stromal,MMP3,4314,NA,estimate|,10.1038/ncomms3612,
estimate_stromal,estimate|stromal,NOX4,50507,NA,estimate|,10.1038/ncomms3612,
estimate_stromal,estimate|stromal,WNT2,7472,NA,estimate|,10.1038/ncomms3612,
estimate_stromal,estimate|stromal,LRRC32,2615,NA,estimate|,10.1038/ncomms3612,
estimate_stromal,estimate|stromal,CXCL9,4283,NA,estimate|,10.1038/ncomms3612,
estimate_stromal,estimate|stromal,TENM4,26011,NA,estimate|,10.1038/ncomms3612,
estimate_stromal,estimate|stromal,FBLN2,2199,NA,estimate|,10.1038/ncomms3612,
estimate_stromal,estimate|stromal,EGFL6,25975,NA,estimate|,10.1038/ncomms3612,
estimate_stromal,estimate|stromal,IL1B,3553,NA,estimate|,10.1038/ncomms3612,
estimate_stromal,estimate|stromal,SPON1,10418,NA,estimate|,10.1038/ncomms3612,
estimate_stromal,estimate|stromal,CD200,4345,NA,estimate|,10.1038/ncomms3612,
estimate_immune,estimate|immune,LCP2,3937,NA,estimate|,10.1038/ncomms3612,
estimate_immune,estimate|immune,LSP1,4046,NA,estimate|,10.1038/ncomms3612,
estimate_immune,estimate|immune,FYB1,2533,NA,estimate|,10.1038/ncomms3612,
estimate_immune,estimate|immune,PLEK,5341,NA,estimate|,10.1038/ncomms3612,
estimate_immune,estimate|immune,HCK,3055,NA,estimate|,10.1038/ncomms3612,
estimate_immune,estimate|immune,IL10RA,3587,NA,estimate|,10.1038/ncomms3612,
estimate_immune,estimate|immune,LILRB1,10859,NA,estimate|,10.1038/ncomms3612,
estimate_immune,estimate|immune,NCKAP1L,3071,NA,estimate|,10.1038/ncomms3612,
estimate_immune,estimate|immune,LAIR1,3903,NA,estimate|,10.1038/ncomms3612,
estimate_immune,estimate|immune,NCF2,4688,NA,estimate|,10.1038/ncomms3612,
estimate_immune,estimate|immune,CYBB,1536,NA,estimate|,10.1038/ncomms3612,
estimate_immune,estimate|immune,PTPRC,5788,NA,estimate|,10.1038/ncomms3612,
estimate_immune,estimate|immune,IL7R,3575,NA,estimate|,10.1038/ncomms3612,
estimate_immune,estimate|immune,LAPTM5,7805,NA,estimate|,10.1038/ncomms3612,
estimate_immune,estimate|immune,CD53,963,NA,estimate|,10.1038/ncomms3612,
estimate_immune,estimate|immune,EVI2B,2124,NA,estimate|,10.1038/ncomms3612,
estimate_immune,estimate|immune,SLA,6503,NA,estimate|,10.1038/ncomms3612,
estimate_immune,estimate|immune,ITGB2,3689,NA,estimate|,10.1038/ncomms3612,
estimate_immune,estimate|immune,GIMAP4,55303,NA,estimate|,10.1038/ncomms3612,
estimate_immune,estimate|immune,MYO1F,4542,NA,estimate|,10.1038/ncomms3612,
estimate_immune,estimate|immune,HCLS1,3059,NA,estimate|,10.1038/ncomms3612,
estimate_immune,estimate|immune,MNDA,4332,NA,estimate|,10.1038/ncomms3612,
estimate_immune,estimate|immune,IL2RG,3561,NA,estimate|,10.1038/ncomms3612,
estimate_immune,estimate|immune,CD48,962,NA,estimate|,10.1038/ncomms3612,
estimate_immune,estimate|immune,AOAH,313,NA,estimate|,10.1038/ncomms3612,
estimate_immune,estimate|immune,CCL5,6352,NA,estimate|,10.1038/ncomms3612,
estimate_immune,estimate|immune,LTB,4050,NA,estimate|,10.1038/ncomms3612,
estimate_immune,estimate|immune,GMFG,9535,NA,estimate|,10.1038/ncomms3612,
estimate_immune,estimate|immune,GIMAP6,474344,NA,estimate|,10.1038/ncomms3612,
estimate_immune,estimate|immune,GZMK,3003,NA,estimate|,10.1038/ncomms3612,
estimate_immune,estimate|immune,LST1,7940,NA,estimate|,10.1038/ncomms3612,
estimate_immune,estimate|immune,GPR65,8477,NA,estimate|,10.1038/ncomms3612,
estimate_immune,estimate|immune,LILRB2,10288,NA,estimate|,10.1038/ncomms3612,
estimate_immune,estimate|immune,WIPF1,7456,NA,estimate|,10.1038/ncomms3612,
estimate_immune,estimate|immune,CD37,951,NA,estimate|,10.1038/ncomms3612,
estimate_immune,estimate|immune,BIN2,51411,NA,estimate|,10.1038/ncomms3612,
estimate_immune,estimate|immune,FCER1G,2207,NA,estimate|,10.1038/ncomms3612,
estimate_immune,estimate|immune,IKZF1,10320,NA,estimate|,10.1038/ncomms3612,
estimate_immune,estimate|immune,TYROBP,7305,NA,estimate|,10.1038/ncomms3612,
estimate_immune,estimate|immune,FGL2,10875,NA,estimate|,10.1038/ncomms3612,
estimate_immune,estimate|immune,FLI1,2313,NA,estimate|,10.1038/ncomms3612,
estimate_immune,estimate|immune,IRF8,3394,NA,estimate|,10.1038/ncomms3612,
estimate_immune,estimate|immune,ARHGAP15,55843,NA,estimate|,10.1038/ncomms3612,
estimate_immune,estimate|immune,SH2B3,10019,NA,estimate|,10.1038/ncomms3612,
estimate_immune,estimate|immune,TNFRSF1B,7133,NA,estimate|,10.1038/ncomms3612,
estimate_immune,estimate|immune,DOCK2,1794,NA,estimate|,10.1038/ncomms3612,
estimate_immune,estimate|immune,CD2,914,NA,estimate|,10.1038/ncomms3612,
estimate_immune,estimate|immune,ARHGEF6,9459,NA,estimate|,10.1038/ncomms3612,
estimate_immune,estimate|immune,CORO1A,11151,NA,estimate|,10.1038/ncomms3612,
estimate_immune,estimate|immune,LY96,23643,NA,estimate|,10.1038/ncomms3612,
estimate_immune,estimate|immune,LYZ,4069,NA,estimate|,10.1038/ncomms3612,
estimate_immune,estimate|immune,ITGAL,3683,NA,estimate|,10.1038/ncomms3612,
estimate_immune,estimate|immune,TNFAIP3,7128,NA,estimate|,10.1038/ncomms3612,
estimate_immune,estimate|immune,RNASE6,6039,NA,estimate|,10.1038/ncomms3612,
estimate_immune,estimate|immune,TGFB1,7040,NA,estimate|,10.1038/ncomms3612,
estimate_immune,estimate|immune,PSTPIP1,9051,NA,estimate|,10.1038/ncomms3612,
estimate_immune,estimate|immune,CST7,8530,NA,estimate|,10.1038/ncomms3612,
estimate_immune,estimate|immune,RGS1,5996,NA,estimate|,10.1038/ncomms3612,
estimate_immune,estimate|immune,FGR,2268,NA,estimate|,10.1038/ncomms3612,
estimate_immune,estimate|immune,SELL,6402,NA,estimate|,10.1038/ncomms3612,
estimate_immune,estimate|immune,MICAL1,64780,NA,estimate|,10.1038/ncomms3612,
estimate_immune,estimate|immune,TRAF3IP3,80342,NA,estimate|,10.1038/ncomms3612,
estimate_immune,estimate|immune,ITGA4,3676,NA,estimate|,10.1038/ncomms3612,
estimate_immune,estimate|immune,MAFB,9935,NA,estimate|,10.1038/ncomms3612,
estimate_immune,estimate|immune,ARHGDIB,397,NA,estimate|,10.1038/ncomms3612,
estimate_immune,estimate|immune,IL4R,3566,NA,estimate|,10.1038/ncomms3612,
estimate_immune,estimate|immune,RHOH,399,NA,estimate|,10.1038/ncomms3612,
estimate_immune,estimate|immune,HLA-DPA1,3113,NA,estimate|,10.1038/ncomms3612,
estimate_immune,estimate|immune,NKG7,4818,NA,estimate|,10.1038/ncomms3612,
estimate_immune,estimate|immune,NCF4,4689,NA,estimate|,10.1038/ncomms3612,
estimate_immune,estimate|immune,LPXN,9404,NA,estimate|,10.1038/ncomms3612,
estimate_immune,estimate|immune,ITK,3702,NA,estimate|,10.1038/ncomms3612,
estimate_immune,estimate|immune,SELPLG,6404,NA,estimate|,10.1038/ncomms3612,
estimate_immune,estimate|immune,HLA-DPB1,3115,NA,estimate|,10.1038/ncomms3612,
estimate_immune,estimate|immune,CD3D,915,NA,estimate|,10.1038/ncomms3612,
estimate_immune,estimate|immune,CD300A,11314,NA,estimate|,10.1038/ncomms3612,
estimate_immune,estimate|immune,IL2RB,3560,NA,estimate|,10.1038/ncomms3612,
estimate_immune,estimate|immune,ADCY7,113,NA,estimate|,10.1038/ncomms3612,
estimate_immune,estimate|immune,PTGER4,5734,NA,estimate|,10.1038/ncomms3612,
estimate_immune,estimate|immune,SRGN,5552,NA,estimate|,10.1038/ncomms3612,
estimate_immune,estimate|immune,CD247,919,NA,estimate|,10.1038/ncomms3612,
estimate_immune,estimate|immune,CCR7,1236,NA,estimate|,10.1038/ncomms3612,
estimate_immune,estimate|immune,MSN,4478,NA,estimate|,10.1038/ncomms3612,
estimate_immune,estimate|immune,ALOX5AP,241,NA,estimate|,10.1038/ncomms3612,
estimate_immune,estimate|immune,PTGER2,5732,NA,estimate|,10.1038/ncomms3612,
estimate_immune,estimate|immune,RAC2,5880,NA,estimate|,10.1038/ncomms3612,
estimate_immune,estimate|immune,GBP2,2634,NA,estimate|,10.1038/ncomms3612,
estimate_immune,estimate|immune,VAV1,7409,NA,estimate|,10.1038/ncomms3612,
estimate_immune,estimate|immune,CLEC2B,9976,NA,estimate|,10.1038/ncomms3612,
estimate_immune,estimate|immune,P2RY14,9934,NA,estimate|,10.1038/ncomms3612,
estimate_immune,estimate|immune,NFKBIA,4792,NA,estimate|,10.1038/ncomms3612,
estimate_immune,estimate|immune,S100A9,6280,NA,estimate|,10.1038/ncomms3612,
estimate_immune,estimate|immune,IFI30,10437,NA,estimate|,10.1038/ncomms3612,
estimate_immune,estimate|immune,MFSD1,64747,NA,estimate|,10.1038/ncomms3612,
estimate_immune,estimate|immune,RASSF2,9770,NA,estimate|,10.1038/ncomms3612,
estimate_immune,estimate|immune,TPP1,1200,NA,estimate|,10.1038/ncomms3612,
estimate_immune,estimate|immune,RHOG,391,NA,estimate|,10.1038/ncomms3612,
estimate_immune,estimate|immune,CLEC4A,50856,NA,estimate|,10.1038/ncomms3612,
estimate_immune,estimate|immune,GZMB,3002,NA,estimate|,10.1038/ncomms3612,
estimate_immune,estimate|immune,PVRIG,79037,NA,estimate|,10.1038/ncomms3612,
estimate_immune,estimate|immune,S100A8,6279,NA,estimate|,10.1038/ncomms3612,
estimate_immune,estimate|immune,CASP1,834,NA,estimate|,10.1038/ncomms3612,
estimate_immune,estimate|immune,BCL2A1,597,NA,estimate|,10.1038/ncomms3612,
estimate_immune,estimate|immune,HLA-E,3133,NA,estimate|,10.1038/ncomms3612,
estimate_immune,estimate|immune,KLRB1,3820,NA,estimate|,10.1038/ncomms3612,
estimate_immune,estimate|immune,GNLY,10578,NA,estimate|,10.1038/ncomms3612,
estimate_immune,estimate|immune,RAB27A,5873,NA,estimate|,10.1038/ncomms3612,
estimate_immune,estimate|immune,IL18RAP,8807,NA,estimate|,10.1038/ncomms3612,
estimate_immune,estimate|immune,TPST2,8459,NA,estimate|,10.1038/ncomms3612,
estimate_immune,estimate|immune,EMP3,2014,NA,estimate|,10.1038/ncomms3612,
estimate_immune,estimate|immune,GMIP,51291,NA,estimate|,10.1038/ncomms3612,
estimate_immune,estimate|immune,LCK,3932,NA,estimate|,10.1038/ncomms3612,
estimate_immune,estimate|immune,IL32,9235,NA,estimate|,10.1038/ncomms3612,
estimate_immune,estimate|immune,PTPRCAP,5790,NA,estimate|,10.1038/ncomms3612,
estimate_immune,estimate|immune,LGALS9,3965,NA,estimate|,10.1038/ncomms3612,
estimate_immune,estimate|immune,CCDC69,26112,NA,estimate|,10.1038/ncomms3612,
estimate_immune,estimate|immune,SAMHD1,25939,NA,estimate|,10.1038/ncomms3612,
estimate_immune,estimate|immune,TAP1,6890,NA,estimate|,10.1038/ncomms3612,
estimate_immune,estimate|immune,GBP1,2633,NA,estimate|,10.1038/ncomms3612,
estimate_immune,estimate|immune,CTSS,1520,NA,estimate|,10.1038/ncomms3612,
estimate_immune,estimate|immune,GZMH,2999,NA,estimate|,10.1038/ncomms3612,
estimate_immune,estimate|immune,ADAM8,101,NA,estimate|,10.1038/ncomms3612,
estimate_immune,estimate|immune,GLRX,2745,NA,estimate|,10.1038/ncomms3612,
estimate_immune,estimate|immune,PRF1,5551,NA,estimate|,10.1038/ncomms3612,
estimate_immune,estimate|immune,CD69,969,NA,estimate|,10.1038/ncomms3612,
estimate_immune,estimate|immune,HLA-B,3106,NA,estimate|,10.1038/ncomms3612,
estimate_immune,estimate|immune,HLA-DMA,3108,NA,estimate|,10.1038/ncomms3612,
estimate_immune,estimate|immune,CD74,972,NA,estimate|,10.1038/ncomms3612,
estimate_immune,estimate|immune,KLRK1,22914,NA,estimate|,10.1038/ncomms3612,
estimate_immune,estimate|immune,PTPRE,5791,NA,estimate|,10.1038/ncomms3612,
estimate_immune,estimate|immune,HLA-DRA,3122,NA,estimate|,10.1038/ncomms3612,
estimate_immune,estimate|immune,VNN2,8875,NA,estimate|,10.1038/ncomms3612,
estimate_immune,estimate|immune,TCIRG1,10312,NA,estimate|,10.1038/ncomms3612,
estimate_immune,estimate|immune,RABGAP1L,9910,NA,estimate|,10.1038/ncomms3612,
estimate_immune,estimate|immune,CSTA,1475,NA,estimate|,10.1038/ncomms3612,
estimate_immune,estimate|immune,ZAP70,7535,NA,estimate|,10.1038/ncomms3612,
estimate_immune,estimate|immune,HLA-F,3134,NA,estimate|,10.1038/ncomms3612,
estimate_immune,estimate|immune,HLA-G,3135,NA,estimate|,10.1038/ncomms3612,
estimate_immune,estimate|immune,CD52,1043,NA,estimate|,10.1038/ncomms3612,
estimate_immune,estimate|immune,CD302,9936,NA,estimate|,10.1038/ncomms3612,
estimate_immune,estimate|immune,CD27,939,NA,estimate|,10.1038/ncomms3612,
ips_mhc,b2m|ips_mhc|immune|immunophenoscore,B2M,567,1,immunophenoscore|,10.1016/j.celrep.2016.12.019,
ips_mhc,tap1|ips_mhc|immune|immunophenoscore,TAP1,6890,1,immunophenoscore|,10.1016/j.celrep.2016.12.019,
ips_mhc,tap2|ips_mhc|immune|immunophenoscore,TAP2,6891,1,immunophenoscore|,10.1016/j.celrep.2016.12.019,
ips_mhc,hla_a|ips_mhc|immune|immunophenoscore,HLA-A,3105,1,immunophenoscore|,10.1016/j.celrep.2016.12.019,
ips_mhc,hla_b|ips_mhc|immune|immunophenoscore,HLA-B,3106,1,immunophenoscore|,10.1016/j.celrep.2016.12.019,
ips_mhc,hla_a|ips_mhc|immune|immunophenoscore,HLA-C,3107,1,immunophenoscore|,10.1016/j.celrep.2016.12.019,
ips_mhc,hla_dpa1|ips_mhc|immune|immunophenoscore,HLA-DPA1,3113,1,immunophenoscore|,10.1016/j.celrep.2016.12.019,
ips_mhc,hla_dpb1|ips_mhc|immune|immunophenoscore,HLA-DPB1,3115,1,immunophenoscore|,10.1016/j.celrep.2016.12.019,
ips_mhc,hla_e|ips_mhc|immune|immunophenoscore,HLA-E,3133,1,immunophenoscore|,10.1016/j.celrep.2016.12.019,
ips_mhc,hla_f|ips_mhc|immune|immunophenoscore,HLA-F,3134,1,immunophenoscore|,10.1016/j.celrep.2016.12.019,
ips_cp,pd1|ips_cp|immune|immunophenoscore,PDCD1,5133,-1,immunophenoscore|,10.1016/j.celrep.2016.12.019,
ips_cp,ctla4|ips_cp|immune|immunophenoscore,CTLA4,1493,-1,immunophenoscore|,10.1016/j.celrep.2016.12.019,
ips_cp,lag3|ips_cp|immune|immunophenoscore,LAG3,3902,-1,immunophenoscore|,10.1016/j.celrep.2016.12.019,
ips_cp,tigit|ips_cp|immune|immunophenoscore,TIGIT,201633,-1,immunophenoscore|,10.1016/j.celrep.2016.12.019,
ips_cp,tim3|ips_cp|immune|immunophenoscore,HAVCR2,84868,-1,immunophenoscore|,10.1016/j.celrep.2016.12.019,
ips_cp,pdl1|ips_cp|immune|checkpoint|immunophenoscore,CD274,29126,-1,immunophenoscore|,10.1016/j.celrep.2016.12.019,
ips_cp,pdl2|ips_cp|immune|checkpoint|immunophenoscore,PDCD1LG2,80380,-1,immunophenoscore|,10.1016/j.celrep.2016.12.019,
ips_cp,cd27|ips_cp|immune|immunophenoscore,CD27,939,1,immunophenoscore|,10.1016/j.celrep.2016.12.019,
ips_cp,icos|ips_cp|immune|immunophenoscore,ICOS,29851,1,immunophenoscore|,10.1016/j.celrep.2016.12.019,
ips_cp,ido1|ips_cp|immune|immunophenoscore,IDO1,3620,-1,immunophenoscore|,10.1016/j.celrep.2016.12.019,
ips_ec,act cd4|ips_ec|immune|immunophenoscore,AIM2,9447,1,immunophenoscore|,10.1016/j.celrep.2016.12.019,
ips_ec,act cd4|ips_ec|immune|immunophenoscore,BIRC3,330,1,immunophenoscore|,10.1016/j.celrep.2016.12.019,
ips_ec,act cd4|ips_ec|immune|immunophenoscore,BRIP1,83990,1,immunophenoscore|,10.1016/j.celrep.2016.12.019,
ips_ec,act cd4|ips_ec|immune|immunophenoscore,CCL20,6364,1,immunophenoscore|,10.1016/j.celrep.2016.12.019,
ips_ec,act cd4|ips_ec|immune|immunophenoscore,CCL4,6351,1,immunophenoscore|,10.1016/j.celrep.2016.12.019,
ips_ec,act cd4|ips_ec|immune|immunophenoscore,CCL5,6352,1,immunophenoscore|,10.1016/j.celrep.2016.12.019,
ips_ec,act cd4|ips_ec|immune|immunophenoscore,CCNB1,891,1,immunophenoscore|,10.1016/j.celrep.2016.12.019,
ips_ec,act cd4|ips_ec|immune|immunophenoscore,CCR7,1236,1,immunophenoscore|,10.1016/j.celrep.2016.12.019,
ips_ec,act cd4|ips_ec|immune|immunophenoscore,DUSP2,1844,1,immunophenoscore|,10.1016/j.celrep.2016.12.019,
ips_ec,act cd4|ips_ec|immune|immunophenoscore,ESCO2,157570,1,immunophenoscore|,10.1016/j.celrep.2016.12.019,
ips_ec,act cd4|ips_ec|immune|immunophenoscore,ETS1,2113,1,immunophenoscore|,10.1016/j.celrep.2016.12.019,
ips_ec,act cd4|ips_ec|immune|immunophenoscore,EXO1,9156,1,immunophenoscore|,10.1016/j.celrep.2016.12.019,
ips_ec,act cd4|ips_ec|immune|immunophenoscore,EXOC6,54536,1,immunophenoscore|,10.1016/j.celrep.2016.12.019,
ips_ec,act cd4|ips_ec|immune|immunophenoscore,IARS1,3376,1,immunophenoscore|,10.1016/j.celrep.2016.12.019,
ips_ec,act cd4|ips_ec|immune|immunophenoscore,KIF11,3832,1,immunophenoscore|,10.1016/j.celrep.2016.12.019,
ips_ec,act cd4|ips_ec|immune|immunophenoscore,KNTC1,9735,1,immunophenoscore|,10.1016/j.celrep.2016.12.019,
ips_ec,act cd4|ips_ec|immune|immunophenoscore,NUF2,83540,1,immunophenoscore|,10.1016/j.celrep.2016.12.019,
ips_ec,act cd4|ips_ec|immune|immunophenoscore,PRC1,9055,1,immunophenoscore|,10.1016/j.celrep.2016.12.019,
ips_ec,act cd4|ips_ec|immune|immunophenoscore,PSAT1,29968,1,immunophenoscore|,10.1016/j.celrep.2016.12.019,
ips_ec,act cd4|ips_ec|immune|immunophenoscore,RGS1,5996,1,immunophenoscore|,10.1016/j.celrep.2016.12.019,
ips_ec,act cd4|ips_ec|immune|immunophenoscore,RTKN2,219790,1,immunophenoscore|,10.1016/j.celrep.2016.12.019,
ips_ec,act cd4|ips_ec|immune|immunophenoscore,SAMSN1,64092,1,immunophenoscore|,10.1016/j.celrep.2016.12.019,
ips_ec,act cd4|ips_ec|immune|immunophenoscore,SELL,6402,1,immunophenoscore|,10.1016/j.celrep.2016.12.019,
ips_ec,act cd4|ips_ec|immune|immunophenoscore,TRAT1,50852,1,immunophenoscore|,10.1016/j.celrep.2016.12.019,
ips_ec,act cd8|ips_ec|immune|immunophenoscore,ADRM1,11047,1,immunophenoscore|,10.1016/j.celrep.2016.12.019,
ips_ec,act cd8|ips_ec|immune|immunophenoscore,AHSA1,10598,1,immunophenoscore|,10.1016/j.celrep.2016.12.019,
ips_ec,act cd8|ips_ec|immune|immunophenoscore,C1GALT1C1,29071,1,immunophenoscore|,10.1016/j.celrep.2016.12.019,
ips_ec,act cd8|ips_ec|immune|immunophenoscore,CCT6B,10693,1,immunophenoscore|,10.1016/j.celrep.2016.12.019,
ips_ec,act cd8|ips_ec|immune|immunophenoscore,CD37,951,1,immunophenoscore|,10.1016/j.celrep.2016.12.019,
ips_ec,act cd8|ips_ec|immune|immunophenoscore,CD3D,915,1,immunophenoscore|,10.1016/j.celrep.2016.12.019,
ips_ec,act cd8|ips_ec|immune|immunophenoscore,CD3E,916,1,immunophenoscore|,10.1016/j.celrep.2016.12.019,
ips_ec,act cd8|ips_ec|immune|immunophenoscore,CD3G,917,1,immunophenoscore|,10.1016/j.celrep.2016.12.019,
ips_ec,act cd8|ips_ec|immune|immunophenoscore,CD69,969,1,immunophenoscore|,10.1016/j.celrep.2016.12.019,
ips_ec,act cd8|ips_ec|immune|immunophenoscore,CD8A,925,1,immunophenoscore|,10.1016/j.celrep.2016.12.019,
ips_ec,act cd8|ips_ec|immune|immunophenoscore,CETN3,1070,1,immunophenoscore|,10.1016/j.celrep.2016.12.019,
ips_ec,act cd8|ips_ec|immune|immunophenoscore,CSE1L,1434,1,immunophenoscore|,10.1016/j.celrep.2016.12.019,
ips_ec,act cd8|ips_ec|immune|immunophenoscore,GEMIN6,79833,1,immunophenoscore|,10.1016/j.celrep.2016.12.019,
ips_ec,act cd8|ips_ec|immune|immunophenoscore,GNLY,10578,1,immunophenoscore|,10.1016/j.celrep.2016.12.019,
ips_ec,act cd8|ips_ec|immune|immunophenoscore,GPT2,84706,1,immunophenoscore|,10.1016/j.celrep.2016.12.019,
ips_ec,act cd8|ips_ec|immune|immunophenoscore,GZMA,3001,1,immunophenoscore|,10.1016/j.celrep.2016.12.019,
ips_ec,act cd8|ips_ec|immune|immunophenoscore,GZMH,2999,1,immunophenoscore|,10.1016/j.celrep.2016.12.019,
ips_ec,act cd8|ips_ec|immune|immunophenoscore,GZMK,3003,1,immunophenoscore|,10.1016/j.celrep.2016.12.019,
ips_ec,act cd8|ips_ec|immune|immunophenoscore,IL2RB,3560,1,immunophenoscore|,10.1016/j.celrep.2016.12.019,
ips_ec,act cd8|ips_ec|immune|immunophenoscore,LCK,3932,1,immunophenoscore|,10.1016/j.celrep.2016.12.019,
ips_ec,act cd8|ips_ec|immune|immunophenoscore,MPZL1,9019,1,immunophenoscore|,10.1016/j.celrep.2016.12.019,
ips_ec,act cd8|ips_ec|immune|immunophenoscore,NKG7,4818,1,immunophenoscore|,10.1016/j.celrep.2016.12.019,
ips_ec,act cd8|ips_ec|immune|immunophenoscore,PIK3IP1,113791,1,immunophenoscore|,10.1016/j.celrep.2016.12.019,
ips_ec,act cd8|ips_ec|immune|immunophenoscore,PTRH2,51651,1,immunophenoscore|,10.1016/j.celrep.2016.12.019,
ips_ec,act cd8|ips_ec|immune|immunophenoscore,TIMM13,26517,1,immunophenoscore|,10.1016/j.celrep.2016.12.019,
ips_ec,act cd8|ips_ec|immune|immunophenoscore,ZAP70,7535,1,immunophenoscore|,10.1016/j.celrep.2016.12.019,
ips_ec,tem cd4|ips_ec|immune|immunophenoscore,ATM,472,1,immunophenoscore|,10.1016/j.celrep.2016.12.019,
ips_ec,tem cd4|ips_ec|immune|immunophenoscore,CASP3,836,1,immunophenoscore|,10.1016/j.celrep.2016.12.019,
ips_ec,tem cd4|ips_ec|immune|immunophenoscore,CASQ1,844,1,immunophenoscore|,10.1016/j.celrep.2016.12.019,
ips_ec,tem cd4|ips_ec|immune|immunophenoscore,CD300E,342510,1,immunophenoscore|,10.1016/j.celrep.2016.12.019,
ips_ec,tem cd4|ips_ec|immune|immunophenoscore,DARS1,1615,1,immunophenoscore|,10.1016/j.celrep.2016.12.019,
ips_ec,tem cd4|ips_ec|immune|immunophenoscore,DOCK9,23348,1,immunophenoscore|,10.1016/j.celrep.2016.12.019,
ips_ec,tem cd4|ips_ec|immune|immunophenoscore,EXOSC9,5393,1,immunophenoscore|,10.1016/j.celrep.2016.12.019,
ips_ec,tem cd4|ips_ec|immune|immunophenoscore,EZH2,2146,1,immunophenoscore|,10.1016/j.celrep.2016.12.019,
ips_ec,tem cd4|ips_ec|immune|immunophenoscore,GDE1,51573,1,immunophenoscore|,10.1016/j.celrep.2016.12.019,
ips_ec,tem cd4|ips_ec|immune|immunophenoscore,IL34,146433,1,immunophenoscore|,10.1016/j.celrep.2016.12.019,
ips_ec,tem cd4|ips_ec|immune|immunophenoscore,NCOA4,8031,1,immunophenoscore|,10.1016/j.celrep.2016.12.019,
ips_ec,tem cd4|ips_ec|immune|immunophenoscore,NEFL,4747,1,immunophenoscore|,10.1016/j.celrep.2016.12.019,
ips_ec,tem cd4|ips_ec|immune|immunophenoscore,PDGFRL,5157,1,immunophenoscore|,10.1016/j.celrep.2016.12.019,
ips_ec,tem cd4|ips_ec|immune|immunophenoscore,PTGS1,5742,1,immunophenoscore|,10.1016/j.celrep.2016.12.019,
ips_ec,tem cd4|ips_ec|immune|immunophenoscore,REPS1,85021,1,immunophenoscore|,10.1016/j.celrep.2016.12.019,
ips_ec,tem cd4|ips_ec|immune|immunophenoscore,SCG2,7857,1,immunophenoscore|,10.1016/j.celrep.2016.12.019,
ips_ec,tem cd4|ips_ec|immune|immunophenoscore,CAVIN2,8436,1,immunophenoscore|,10.1016/j.celrep.2016.12.019,
ips_ec,tem cd4|ips_ec|immune|immunophenoscore,SIGLEC14,100049587,1,immunophenoscore|,10.1016/j.celrep.2016.12.019,
ips_ec,tem cd4|ips_ec|immune|immunophenoscore,SIGLEC6,946,1,immunophenoscore|,10.1016/j.celrep.2016.12.019,
ips_ec,tem cd4|ips_ec|immune|immunophenoscore,TAL1,6886,1,immunophenoscore|,10.1016/j.celrep.2016.12.019,
ips_ec,tem cd4|ips_ec|immune|immunophenoscore,TFEC,22797,1,immunophenoscore|,10.1016/j.celrep.2016.12.019,
ips_ec,tem cd4|ips_ec|immune|immunophenoscore,TIPIN,54962,1,immunophenoscore|,10.1016/j.celrep.2016.12.019,
ips_ec,tem cd4|ips_ec|immune|immunophenoscore,TPK1,27010,1,immunophenoscore|,10.1016/j.celrep.2016.12.019,
ips_ec,tem cd4|ips_ec|immune|immunophenoscore,UQCRB,7381,1,immunophenoscore|,10.1016/j.celrep.2016.12.019,
ips_ec,tem cd4|ips_ec|immune|immunophenoscore,USP9Y,8287,1,immunophenoscore|,10.1016/j.celrep.2016.12.019,
ips_ec,tem cd4|ips_ec|immune|immunophenoscore,WIPF1,7456,1,immunophenoscore|,10.1016/j.celrep.2016.12.019,
ips_ec,tem cd4|ips_ec|immune|immunophenoscore,ZCRB1,85437,1,immunophenoscore|,10.1016/j.celrep.2016.12.019,
ips_ec,tem cd8|ips_ec|immune|immunophenoscore,ACAP1,9744,1,immunophenoscore|,10.1016/j.celrep.2016.12.019,
ips_ec,tem cd8|ips_ec|immune|immunophenoscore,APOL3,80833,1,immunophenoscore|,10.1016/j.celrep.2016.12.019,
ips_ec,tem cd8|ips_ec|immune|immunophenoscore,ARHGAP10,79658,1,immunophenoscore|,10.1016/j.celrep.2016.12.019,
ips_ec,tem cd8|ips_ec|immune|immunophenoscore,ATP10D,57205,1,immunophenoscore|,10.1016/j.celrep.2016.12.019,
ips_ec,tem cd8|ips_ec|immune|immunophenoscore,C3AR1,719,1,immunophenoscore|,10.1016/j.celrep.2016.12.019,
ips_ec,tem cd8|ips_ec|immune|immunophenoscore,CCR5,1234,1,immunophenoscore|,10.1016/j.celrep.2016.12.019,
ips_ec,tem cd8|ips_ec|immune|immunophenoscore,CD160,11126,1,immunophenoscore|,10.1016/j.celrep.2016.12.019,
ips_ec,tem cd8|ips_ec|immune|immunophenoscore,CD55,1604,1,immunophenoscore|,10.1016/j.celrep.2016.12.019,
ips_ec,tem cd8|ips_ec|immune|immunophenoscore,CFLAR,8837,1,immunophenoscore|,10.1016/j.celrep.2016.12.019,
ips_ec,tem cd8|ips_ec|immune|immunophenoscore,CMKLR1,1240,1,immunophenoscore|,10.1016/j.celrep.2016.12.019,
ips_ec,tem cd8|ips_ec|immune|immunophenoscore,DAPP1,27071,1,immunophenoscore|,10.1016/j.celrep.2016.12.019,
ips_ec,tem cd8|ips_ec|immune|immunophenoscore,FCRL6,343413,1,immunophenoscore|,10.1016/j.celrep.2016.12.019,
ips_ec,tem cd8|ips_ec|immune|immunophenoscore,FLT3LG,2323,1,immunophenoscore|,10.1016/j.celrep.2016.12.019,
ips_ec,tem cd8|ips_ec|immune|immunophenoscore,GZMM,3004,1,immunophenoscore|,10.1016/j.celrep.2016.12.019,
ips_ec,tem cd8|ips_ec|immune|immunophenoscore,HAPLN3,145864,1,immunophenoscore|,10.1016/j.celrep.2016.12.019,
ips_ec,tem cd8|ips_ec|immune|immunophenoscore,HLA-DMB,3109,1,immunophenoscore|,10.1016/j.celrep.2016.12.019,
ips_ec,tem cd8|ips_ec|immune|immunophenoscore,HLA-DPA1,3113,1,immunophenoscore|,10.1016/j.celrep.2016.12.019,
ips_ec,tem cd8|ips_ec|immune|immunophenoscore,HLA-DPB1,3115,1,immunophenoscore|,10.1016/j.celrep.2016.12.019,
ips_ec,tem cd8|ips_ec|immune|immunophenoscore,IFI16,3428,1,immunophenoscore|,10.1016/j.celrep.2016.12.019,
ips_ec,tem cd8|ips_ec|immune|immunophenoscore,LIME1,54923,1,immunophenoscore|,10.1016/j.celrep.2016.12.019,
ips_ec,tem cd8|ips_ec|immune|immunophenoscore,LTK,4058,1,immunophenoscore|,10.1016/j.celrep.2016.12.019,
ips_ec,tem cd8|ips_ec|immune|immunophenoscore,NFKBIA,4792,1,immunophenoscore|,10.1016/j.celrep.2016.12.019,
ips_ec,tem cd8|ips_ec|immune|immunophenoscore,SETD7,80854,1,immunophenoscore|,10.1016/j.celrep.2016.12.019,
ips_ec,tem cd8|ips_ec|immune|immunophenoscore,SIK1,150094,1,immunophenoscore|,10.1016/j.celrep.2016.12.019,
ips_ec,tem cd8|ips_ec|immune|immunophenoscore,TRIB2,28951,1,immunophenoscore|,10.1016/j.celrep.2016.12.019,
ips_sc,mdsc|ips_sc|immune|immunophenoscore,CCR2,729230,-1,immunophenoscore|,10.1016/j.celrep.2016.12.019,
ips_sc,mdsc|ips_sc|immune|immunophenoscore,CD14,929,-1,immunophenoscore|,10.1016/j.celrep.2016.12.019,
ips_sc,mdsc|ips_sc|immune|immunophenoscore,CD2,914,-1,immunophenoscore|,10.1016/j.celrep.2016.12.019,
ips_sc,mdsc|ips_sc|immune|immunophenoscore,CD86,942,-1,immunophenoscore|,10.1016/j.celrep.2016.12.019,
ips_sc,mdsc|ips_sc|immune|immunophenoscore,CXCR4,7852,-1,immunophenoscore|,10.1016/j.celrep.2016.12.019,
ips_sc,mdsc|ips_sc|immune|immunophenoscore,FCGR2A,2212,-1,immunophenoscore|,10.1016/j.celrep.2016.12.019,
ips_sc,mdsc|ips_sc|immune|immunophenoscore,FCGR2B,2213,-1,immunophenoscore|,10.1016/j.celrep.2016.12.019,
ips_sc,mdsc|ips_sc|immune|immunophenoscore,FCGR3A,2214,-1,immunophenoscore|,10.1016/j.celrep.2016.12.019,
ips_sc,mdsc|ips_sc|immune|immunophenoscore,FERMT3,83706,-1,immunophenoscore|,10.1016/j.celrep.2016.12.019,
ips_sc,mdsc|ips_sc|immune|immunophenoscore,GPSM3,63940,-1,immunophenoscore|,10.1016/j.celrep.2016.12.019,
ips_sc,mdsc|ips_sc|immune|immunophenoscore,IL18BP,10068,-1,immunophenoscore|,10.1016/j.celrep.2016.12.019,
ips_sc,mdsc|ips_sc|immune|immunophenoscore,IL4R,3566,-1,immunophenoscore|,10.1016/j.celrep.2016.12.019,
ips_sc,mdsc|ips_sc|immune|immunophenoscore,ITGAL,3683,-1,immunophenoscore|,10.1016/j.celrep.2016.12.019,
ips_sc,mdsc|ips_sc|immune|immunophenoscore,ITGAM,3684,-1,immunophenoscore|,10.1016/j.celrep.2016.12.019,
ips_sc,mdsc|ips_sc|immune|immunophenoscore,PARVG,64098,-1,immunophenoscore|,10.1016/j.celrep.2016.12.019,
ips_sc,mdsc|ips_sc|immune|immunophenoscore,PSAP,5660,-1,immunophenoscore|,10.1016/j.celrep.2016.12.019,
ips_sc,mdsc|ips_sc|immune|immunophenoscore,PTGER2,5732,-1,immunophenoscore|,10.1016/j.celrep.2016.12.019,
ips_sc,mdsc|ips_sc|immune|immunophenoscore,PTGES2,80142,-1,immunophenoscore|,10.1016/j.celrep.2016.12.019,
ips_sc,mdsc|ips_sc|immune|immunophenoscore,S100A8,6279,-1,immunophenoscore|,10.1016/j.celrep.2016.12.019,
ips_sc,mdsc|ips_sc|immune|immunophenoscore,S100A9,6280,-1,immunophenoscore|,10.1016/j.celrep.2016.12.019,
ips_sc,treg|ips_sc|immune|immunophenoscore,CCL3L1,6349,-1,immunophenoscore|,10.1016/j.celrep.2016.12.019,
ips_sc,treg|ips_sc|immune|immunophenoscore,CD72,971,-1,immunophenoscore|,10.1016/j.celrep.2016.12.019,
ips_sc,treg|ips_sc|immune|immunophenoscore,CLEC5A,23601,-1,immunophenoscore|,10.1016/j.celrep.2016.12.019,
ips_sc,treg|ips_sc|immune|immunophenoscore,FOXP3,50943,-1,immunophenoscore|,10.1016/j.celrep.2016.12.019,
ips_sc,treg|ips_sc|immune|immunophenoscore,ITGA4,3676,-1,immunophenoscore|,10.1016/j.celrep.2016.12.019,
ips_sc,treg|ips_sc|immune|immunophenoscore,L1CAM,3897,-1,immunophenoscore|,10.1016/j.celrep.2016.12.019,
ips_sc,treg|ips_sc|immune|immunophenoscore,LIPA,3988,-1,immunophenoscore|,10.1016/j.celrep.2016.12.019,
ips_sc,treg|ips_sc|immune|immunophenoscore,LRP1,4035,-1,immunophenoscore|,10.1016/j.celrep.2016.12.019,
ips_sc,treg|ips_sc|immune|immunophenoscore,LRRC42,115353,-1,immunophenoscore|,10.1016/j.celrep.2016.12.019,
ips_sc,treg|ips_sc|immune|immunophenoscore,MARCO,8685,-1,immunophenoscore|,10.1016/j.celrep.2016.12.019,
ips_sc,treg|ips_sc|immune|immunophenoscore,MMP12,4321,-1,immunophenoscore|,10.1016/j.celrep.2016.12.019,
ips_sc,treg|ips_sc|immune|immunophenoscore,MNDA,4332,-1,immunophenoscore|,10.1016/j.celrep.2016.12.019,
ips_sc,treg|ips_sc|immune|immunophenoscore,MRC1,4360,-1,immunophenoscore|,10.1016/j.celrep.2016.12.019,
ips_sc,treg|ips_sc|immune|immunophenoscore,MS4A6A,64231,-1,immunophenoscore|,10.1016/j.celrep.2016.12.019,
ips_sc,treg|ips_sc|immune|immunophenoscore,PELO,53918,-1,immunophenoscore|,10.1016/j.celrep.2016.12.019,
ips_sc,treg|ips_sc|immune|immunophenoscore,PLEK,5341,-1,immunophenoscore|,10.1016/j.celrep.2016.12.019,
ips_sc,treg|ips_sc|immune|immunophenoscore,PRSS23,11098,-1,immunophenoscore|,10.1016/j.celrep.2016.12.019,
ips_sc,treg|ips_sc|immune|immunophenoscore,PTGIR,5739,-1,immunophenoscore|,10.1016/j.celrep.2016.12.019,
ips_sc,treg|ips_sc|immune|immunophenoscore,ST8SIA4,7903,-1,immunophenoscore|,10.1016/j.celrep.2016.12.019,
ips_sc,treg|ips_sc|immune|immunophenoscore,STAB1,23166,-1,immunophenoscore|,10.1016/j.celrep.2016.12.019,
eustace2013_hypoxia,eustace2013_hypoxia,ALDOA,226,,median|median,10.1158/1078-0432.CCR-13-0542,
eustace2013_hypoxia,eustace2013_hypoxia,ANGPTL4,51129,,median|median,10.1158/1078-0432.CCR-13-0542,
eustace2013_hypoxia,eustace2013_hypoxia,ANLN,54443,,median|median,10.1158/1078-0432.CCR-13-0542,
eustace2013_hypoxia,eustace2013_hypoxia,BNC1,646,,median|median,10.1158/1078-0432.CCR-13-0542,
eustace2013_hypoxia,eustace2013_hypoxia,MRGBP,55257,,median|median,10.1158/1078-0432.CCR-13-0542,
eustace2013_hypoxia,eustace2013_hypoxia,CA9,768,,median|median,10.1158/1078-0432.CCR-13-0542,
eustace2013_hypoxia,eustace2013_hypoxia,CDKN3,1033,,median|median,10.1158/1078-0432.CCR-13-0542,
eustace2013_hypoxia,eustace2013_hypoxia,COL4A6,1288,,median|median,10.1158/1078-0432.CCR-13-0542,
eustace2013_hypoxia,eustace2013_hypoxia,DCBLD1,285761,,median|median,10.1158/1078-0432.CCR-13-0542,
eustace2013_hypoxia,eustace2013_hypoxia,ENO1,2023,,median|median,10.1158/1078-0432.CCR-13-0542,
eustace2013_hypoxia,eustace2013_hypoxia,FAM83B,222584,,median|median,10.1158/1078-0432.CCR-13-0542,
eustace2013_hypoxia,eustace2013_hypoxia,FOSL1,8061,,median|median,10.1158/1078-0432.CCR-13-0542,
eustace2013_hypoxia,eustace2013_hypoxia,GNAI1,2770,,median|median,10.1158/1078-0432.CCR-13-0542,
eustace2013_hypoxia,eustace2013_hypoxia,HILPDA,29923,,median|median,10.1158/1078-0432.CCR-13-0542,
eustace2013_hypoxia,eustace2013_hypoxia,KCTD11,147040,,median|median,10.1158/1078-0432.CCR-13-0542,
eustace2013_hypoxia,eustace2013_hypoxia,KRT17,3872,,median|median,10.1158/1078-0432.CCR-13-0542,
eustace2013_hypoxia,eustace2013_hypoxia,LDHA,3939,,median|median,10.1158/1078-0432.CCR-13-0542,
eustace2013_hypoxia,eustace2013_hypoxia,MRPS17,51373,,median|median,10.1158/1078-0432.CCR-13-0542,
eustace2013_hypoxia,eustace2013_hypoxia,P4HA1,5033,,median|median,10.1158/1078-0432.CCR-13-0542,
eustace2013_hypoxia,eustace2013_hypoxia,PGAM1,5223,,median|median,10.1158/1078-0432.CCR-13-0542,
eustace2013_hypoxia,eustace2013_hypoxia,PGK1,5230,,median|median,10.1158/1078-0432.CCR-13-0542,
eustace2013_hypoxia,eustace2013_hypoxia,SDC1,6382,,median|median,10.1158/1078-0432.CCR-13-0542,
eustace2013_hypoxia,eustace2013_hypoxia,SLC16A1,6566,,median|median,10.1158/1078-0432.CCR-13-0542,
eustace2013_hypoxia,eustace2013_hypoxia,SLC2A1,6513,,median|median,10.1158/1078-0432.CCR-13-0542,
eustace2013_hypoxia,eustace2013_hypoxia,TPI1,7167,,median|median,10.1158/1078-0432.CCR-13-0542,
eustace2013_hypoxia,eustace2013_hypoxia,VEGFA,7422,,median|median,10.1158/1078-0432.CCR-13-0542,
eschrich2009_rsi,eschrich2009_rsi|rt|radiosensitivity|radioresistance,AR,367,-0.0098009,weighted_sum_rank|0.4619592,10.1016/j.ijrobp.2009.06.014,
eschrich2009_rsi,eschrich2009_rsi|rt|radiosensitivity|radioresistance,JUN,3725,0.0128283,weighted_sum_rank|0.4619592,10.1016/j.ijrobp.2009.06.014,
eschrich2009_rsi,eschrich2009_rsi|rt|radiosensitivity|radioresistance,STAT1,6772,0.0254552,weighted_sum_rank|0.4619592,10.1016/j.ijrobp.2009.06.014,
eschrich2009_rsi,eschrich2009_rsi|rt|radiosensitivity|radioresistance,PRKCB,5579,-0.0017589,weighted_sum_rank|0.4619592,10.1016/j.ijrobp.2009.06.014,
eschrich2009_rsi,eschrich2009_rsi|rt|radiosensitivity|radioresistance,RELA,5970,-0.0038171,weighted_sum_rank|0.4619592,10.1016/j.ijrobp.2009.06.014,
eschrich2009_rsi,eschrich2009_rsi|rt|radiosensitivity|radioresistance,ABL1,25,0.1070213,weighted_sum_rank|0.4619592,10.1016/j.ijrobp.2009.06.014,
eschrich2009_rsi,eschrich2009_rsi|rt|radiosensitivity|radioresistance,SUMO1,7341,-0.0002509,weighted_sum_rank|0.4619592,10.1016/j.ijrobp.2009.06.014,
eschrich2009_rsi,eschrich2009_rsi|rt|radiosensitivity|radioresistance,PAK2,5062,-0.0092431,weighted_sum_rank|0.4619592,10.1016/j.ijrobp.2009.06.014,
eschrich2009_rsi,eschrich2009_rsi|rt|radiosensitivity|radioresistance,HDAC1,3065,-0.0204469,weighted_sum_rank|0.4619592,10.1016/j.ijrobp.2009.06.014,
eschrich2009_rsi,eschrich2009_rsi|rt|radiosensitivity|radioresistance,IRF1,3659,-0.0441683,weighted_sum_rank|0.4619592,10.1016/j.ijrobp.2009.06.014,
dececco2014_int172,dececco2014_int172|hnscc|head and neck,B4GAT1,11041,0.017655,weighted_sum|1.496181,10.1093/annonc/mdu173,
dececco2014_int172,dececco2014_int172|hnscc|head and neck,SH3RF3,344558,0.022551,weighted_sum|1.496181,10.1093/annonc/mdu173,
dececco2014_int172,dececco2014_int172|hnscc|head and neck,TNN,63923,0.009606,weighted_sum|1.496181,10.1093/annonc/mdu173,
dececco2014_int172,dececco2014_int172|hnscc|head and neck,TMEM259,91304,-0.009304,weighted_sum|1.496181,10.1093/annonc/mdu173,
dececco2014_int172,dececco2014_int172|hnscc|head and neck,PCGF2,7703,0.012429,weighted_sum|1.496181,10.1093/annonc/mdu173,
dececco2014_int172,dececco2014_int172|hnscc|head and neck,PSD4,23550,-0.018807,weighted_sum|1.496181,10.1093/annonc/mdu173,
dececco2014_int172,dececco2014_int172|hnscc|head and neck,EHMT1,79813,-0.00653,weighted_sum|1.496181,10.1093/annonc/mdu173,
dececco2014_int172,dececco2014_int172|hnscc|head and neck,TMC8,147138,-0.023674,weighted_sum|1.496181,10.1093/annonc/mdu173,
dececco2014_int172,dececco2014_int172|hnscc|head and neck,ARMCX4,100131755,0.006276,weighted_sum|1.496181,10.1093/annonc/mdu173,
dececco2014_int172,dececco2014_int172|hnscc|head and neck,AP3D1,8943,-0.007286,weighted_sum|1.496181,10.1093/annonc/mdu173,
dececco2014_int172,dececco2014_int172|hnscc|head and neck,TCEAL4,79921,0.023509,weighted_sum|1.496181,10.1093/annonc/mdu173,
dececco2014_int172,dececco2014_int172|hnscc|head and neck,SMARCA1,6594,0.036425,weighted_sum|1.496181,10.1093/annonc/mdu173,
dececco2014_int172,dececco2014_int172|hnscc|head and neck,PRF1,5551,-0.051284,weighted_sum|1.496181,10.1093/annonc/mdu173,
dececco2014_int172,dececco2014_int172|hnscc|head and neck,SPOCK1,6695,0.043753,weighted_sum|1.496181,10.1093/annonc/mdu173,
dececco2014_int172,dececco2014_int172|hnscc|head and neck,TBC1D20,128637,0.008756,weighted_sum|1.496181,10.1093/annonc/mdu173,
dececco2014_int172,dececco2014_int172|hnscc|head and neck,FASTKD2,22868,0.003904,weighted_sum|1.496181,10.1093/annonc/mdu173,
dececco2014_int172,dececco2014_int172|hnscc|head and neck,GRK2,156,-0.006107,weighted_sum|1.496181,10.1093/annonc/mdu173,
dececco2014_int172,dececco2014_int172|hnscc|head and neck,DYRK4,8798,0.007798,weighted_sum|1.496181,10.1093/annonc/mdu173,
dececco2014_int172,dececco2014_int172|hnscc|head and neck,IFI16,3428,-0.01758,weighted_sum|1.496181,10.1093/annonc/mdu173,
dececco2014_int172,dececco2014_int172|hnscc|head and neck,ALS2,57679,0.010227,weighted_sum|1.496181,10.1093/annonc/mdu173,
dececco2014_int172,dececco2014_int172|hnscc|head and neck,SNX21,90203,0.016537,weighted_sum|1.496181,10.1093/annonc/mdu173,
dececco2014_int172,dececco2014_int172|hnscc|head and neck,CCDC43,124808,0.010525,weighted_sum|1.496181,10.1093/annonc/mdu173,
dececco2014_int172,dececco2014_int172|hnscc|head and neck,COPS8,10920,0.00939,weighted_sum|1.496181,10.1093/annonc/mdu173,
dececco2014_int172,dececco2014_int172|hnscc|head and neck,SLFN5,162394,-0.024117,weighted_sum|1.496181,10.1093/annonc/mdu173,
dececco2014_int172,dececco2014_int172|hnscc|head and neck,GNG8,94235,-0.009004,weighted_sum|1.496181,10.1093/annonc/mdu173,
dececco2014_int172,dececco2014_int172|hnscc|head and neck,BEX3,27018,0.027041,weighted_sum|1.496181,10.1093/annonc/mdu173,
dececco2014_int172,dececco2014_int172|hnscc|head and neck,RHOF,54509,-0.017642,weighted_sum|1.496181,10.1093/annonc/mdu173,
dececco2014_int172,dececco2014_int172|hnscc|head and neck,CKAP4,10970,0.015997,weighted_sum|1.496181,10.1093/annonc/mdu173,
dececco2014_int172,dececco2014_int172|hnscc|head and neck,MUC16,94025,-0.034665,weighted_sum|1.496181,10.1093/annonc/mdu173,
dececco2014_int172,dececco2014_int172|hnscc|head and neck,CD6,923,-0.013365,weighted_sum|1.496181,10.1093/annonc/mdu173,
dececco2014_int172,dececco2014_int172|hnscc|head and neck,SPRY1,10252,0.002125,weighted_sum|1.496181,10.1093/annonc/mdu173,
dececco2014_int172,dececco2014_int172|hnscc|head and neck,FAM20C,56975,0.013713,weighted_sum|1.496181,10.1093/annonc/mdu173,
dececco2014_int172,dececco2014_int172|hnscc|head and neck,RASSF5,83593,-0.04617,weighted_sum|1.496181,10.1093/annonc/mdu173,
dececco2014_int172,dececco2014_int172|hnscc|head and neck,ARHGEF40,55701,0.01403,weighted_sum|1.496181,10.1093/annonc/mdu173,
dececco2014_int172,dececco2014_int172|hnscc|head and neck,BCL2L1,598,-0.007682,weighted_sum|1.496181,10.1093/annonc/mdu173,
dececco2014_int172,dececco2014_int172|hnscc|head and neck,ARMCX1,51309,0.027689,weighted_sum|1.496181,10.1093/annonc/mdu173,
dececco2014_int172,dececco2014_int172|hnscc|head and neck,COX6B2,125965,-0.004828,weighted_sum|1.496181,10.1093/annonc/mdu173,
dececco2014_int172,dececco2014_int172|hnscc|head and neck,POGLUT2,79070,0.029998,weighted_sum|1.496181,10.1093/annonc/mdu173,
dececco2014_int172,dececco2014_int172|hnscc|head and neck,PDHX,8050,0.005632,weighted_sum|1.496181,10.1093/annonc/mdu173,
dececco2014_int172,dececco2014_int172|hnscc|head and neck,KCNE5,23630,0.005521,weighted_sum|1.496181,10.1093/annonc/mdu173,
dececco2014_int172,dececco2014_int172|hnscc|head and neck,JAM3,83700,0.023036,weighted_sum|1.496181,10.1093/annonc/mdu173,
dececco2014_int172,dececco2014_int172|hnscc|head and neck,PGBD1,84547,0.01351,weighted_sum|1.496181,10.1093/annonc/mdu173,
dececco2014_int172,dececco2014_int172|hnscc|head and neck,ABI2,10152,0.014926,weighted_sum|1.496181,10.1093/annonc/mdu173,
dececco2014_int172,dececco2014_int172|hnscc|head and neck,BBS9,27241,0.005528,weighted_sum|1.496181,10.1093/annonc/mdu173,
dececco2014_int172,dececco2014_int172|hnscc|head and neck,TPST1,8460,0.023955,weighted_sum|1.496181,10.1093/annonc/mdu173,
dececco2014_int172,dececco2014_int172|hnscc|head and neck,EFNB3,1949,0.012871,weighted_sum|1.496181,10.1093/annonc/mdu173,
dececco2014_int172,dececco2014_int172|hnscc|head and neck,CD84,8832,-0.019412,weighted_sum|1.496181,10.1093/annonc/mdu173,
dececco2014_int172,dececco2014_int172|hnscc|head and neck,EXTL2,2135,0.029406,weighted_sum|1.496181,10.1093/annonc/mdu173,
dececco2014_int172,dececco2014_int172|hnscc|head and neck,PXDN,7837,0.036027,weighted_sum|1.496181,10.1093/annonc/mdu173,
dececco2014_int172,dececco2014_int172|hnscc|head and neck,FLOT2,2319,-0.016381,weighted_sum|1.496181,10.1093/annonc/mdu173,
dececco2014_int172,dececco2014_int172|hnscc|head and neck,MRFAP1,93621,0.005748,weighted_sum|1.496181,10.1093/annonc/mdu173,
dececco2014_int172,dececco2014_int172|hnscc|head and neck,NPR1,4881,-0.004405,weighted_sum|1.496181,10.1093/annonc/mdu173,
dececco2014_int172,dececco2014_int172|hnscc|head and neck,LOC153684,153684,-0.019593,weighted_sum|1.496181,10.1093/annonc/mdu173,
dececco2014_int172,dececco2014_int172|hnscc|head and neck,ST6GALNAC4,27090,-0.010894,weighted_sum|1.496181,10.1093/annonc/mdu173,
dececco2014_int172,dececco2014_int172|hnscc|head and neck,SYNJ1,8867,-0.008726,weighted_sum|1.496181,10.1093/annonc/mdu173,
dececco2014_int172,dececco2014_int172|hnscc|head and neck,UBAC2,337867,0.002531,weighted_sum|1.496181,10.1093/annonc/mdu173,
dececco2014_int172,dececco2014_int172|hnscc|head and neck,CD200R1,131450,-0.016162,weighted_sum|1.496181,10.1093/annonc/mdu173,
dececco2014_int172,dececco2014_int172|hnscc|head and neck,PRKD1,5587,0.01288,weighted_sum|1.496181,10.1093/annonc/mdu173,
dececco2014_int172,dececco2014_int172|hnscc|head and neck,PLEKHM3,389072,0.006707,weighted_sum|1.496181,10.1093/annonc/mdu173,
dececco2014_int172,dececco2014_int172|hnscc|head and neck,RETREG2,79137,0.004805,weighted_sum|1.496181,10.1093/annonc/mdu173,
dececco2014_int172,dececco2014_int172|hnscc|head and neck,UBXN6,80700,-0.00721,weighted_sum|1.496181,10.1093/annonc/mdu173,
dececco2014_int172,dececco2014_int172|hnscc|head and neck,LAMB1,3912,0.029661,weighted_sum|1.496181,10.1093/annonc/mdu173,
dececco2014_int172,dececco2014_int172|hnscc|head and neck,CD101,9398,-0.010202,weighted_sum|1.496181,10.1093/annonc/mdu173,
dececco2014_int172,dececco2014_int172|hnscc|head and neck,FLT3LG,2323,-0.017937,weighted_sum|1.496181,10.1093/annonc/mdu173,
dececco2014_int172,dececco2014_int172|hnscc|head and neck,FSTL1,11167,0.011121,weighted_sum|1.496181,10.1093/annonc/mdu173,
dececco2014_int172,dececco2014_int172|hnscc|head and neck,SORBS1,10580,0.00581,weighted_sum|1.496181,10.1093/annonc/mdu173,
dececco2014_int172,dececco2014_int172|hnscc|head and neck,ACSL3,2181,0.011407,weighted_sum|1.496181,10.1093/annonc/mdu173,
dececco2014_int172,dececco2014_int172|hnscc|head and neck,NCL,4691,0.010364,weighted_sum|1.496181,10.1093/annonc/mdu173,
dececco2014_int172,dececco2014_int172|hnscc|head and neck,TNFAIP8,25816,-0.027854,weighted_sum|1.496181,10.1093/annonc/mdu173,
dececco2014_int172,dececco2014_int172|hnscc|head and neck,SV2A,9900,0.023219,weighted_sum|1.496181,10.1093/annonc/mdu173,
dececco2014_int172,dececco2014_int172|hnscc|head and neck,SYNGR3,9143,-0.016111,weighted_sum|1.496181,10.1093/annonc/mdu173,
dececco2014_int172,dececco2014_int172|hnscc|head and neck,LMAN2L,81562,0.02163,weighted_sum|1.496181,10.1093/annonc/mdu173,
dececco2014_int172,dececco2014_int172|hnscc|head and neck,CENPBD1,92806,0.010914,weighted_sum|1.496181,10.1093/annonc/mdu173,
dececco2014_int172,dececco2014_int172|hnscc|head and neck,AKNA,80709,-0.017803,weighted_sum|1.496181,10.1093/annonc/mdu173,
dececco2014_int172,dececco2014_int172|hnscc|head and neck,ST7-AS1,93653,0.008169,weighted_sum|1.496181,10.1093/annonc/mdu173,
dececco2014_int172,dececco2014_int172|hnscc|head and neck,HS3ST4,9951,-0.006584,weighted_sum|1.496181,10.1093/annonc/mdu173,
dececco2014_int172,dececco2014_int172|hnscc|head and neck,SLC15A1,6564,0.009517,weighted_sum|1.496181,10.1093/annonc/mdu173,
dececco2014_int172,dececco2014_int172|hnscc|head and neck,NPIPB5,100132247,-0.006423,weighted_sum|1.496181,10.1093/annonc/mdu173,
dececco2014_int172,dececco2014_int172|hnscc|head and neck,CARMIL2,146206,-0.006912,weighted_sum|1.496181,10.1093/annonc/mdu173,
dececco2014_int172,dececco2014_int172|hnscc|head and neck,SNX20,124460,-0.008935,weighted_sum|1.496181,10.1093/annonc/mdu173,
dececco2014_int172,dececco2014_int172|hnscc|head and neck,RCN1,5954,0.012679,weighted_sum|1.496181,10.1093/annonc/mdu173,
dececco2014_int172,dececco2014_int172|hnscc|head and neck,XKR6,286046,-0.008865,weighted_sum|1.496181,10.1093/annonc/mdu173,
dececco2014_int172,dececco2014_int172|hnscc|head and neck,CHSY3,337876,0.017267,weighted_sum|1.496181,10.1093/annonc/mdu173,
dececco2014_int172,dececco2014_int172|hnscc|head and neck,FGD2,221472,-0.014948,weighted_sum|1.496181,10.1093/annonc/mdu173,
dececco2014_int172,dececco2014_int172|hnscc|head and neck,RSPH6A,81492,-0.002181,weighted_sum|1.496181,10.1093/annonc/mdu173,
dececco2014_int172,dececco2014_int172|hnscc|head and neck,PHETA2,150368,0.010723,weighted_sum|1.496181,10.1093/annonc/mdu173,
dececco2014_int172,dececco2014_int172|hnscc|head and neck,TLR6,10333,-0.013105,weighted_sum|1.496181,10.1093/annonc/mdu173,
dececco2014_int172,dececco2014_int172|hnscc|head and neck,LILRA6,79168,-0.015175,weighted_sum|1.496181,10.1093/annonc/mdu173,
dececco2014_int172,dececco2014_int172|hnscc|head and neck,PTK2B,2185,-0.018136,weighted_sum|1.496181,10.1093/annonc/mdu173,
dececco2014_int172,dececco2014_int172|hnscc|head and neck,RNF24,11237,0.018102,weighted_sum|1.496181,10.1093/annonc/mdu173,
dececco2014_int172,dececco2014_int172|hnscc|head and neck,METTL7B,196410,0.020835,weighted_sum|1.496181,10.1093/annonc/mdu173,
dececco2014_int172,dececco2014_int172|hnscc|head and neck,STAU1,6780,0.010907,weighted_sum|1.496181,10.1093/annonc/mdu173,
dececco2014_int172,dececco2014_int172|hnscc|head and neck,PALM2AKAP2,445815,0.023363,weighted_sum|1.496181,10.1093/annonc/mdu173,
dececco2014_int172,dececco2014_int172|hnscc|head and neck,CAMLG,819,0.004396,weighted_sum|1.496181,10.1093/annonc/mdu173,
dececco2014_int172,dececco2014_int172|hnscc|head and neck,LIMK1,3984,-0.002594,weighted_sum|1.496181,10.1093/annonc/mdu173,
dececco2014_int172,dececco2014_int172|hnscc|head and neck,ZC3H12B,340554,0.000617,weighted_sum|1.496181,10.1093/annonc/mdu173,
dececco2014_int172,dececco2014_int172|hnscc|head and neck,TMCO1-AS1,100147773,-0.003919,weighted_sum|1.496181,10.1093/annonc/mdu173,
dececco2014_int172,dececco2014_int172|hnscc|head and neck,PMM1,5372,0.009885,weighted_sum|1.496181,10.1093/annonc/mdu173,
dececco2014_int172,dececco2014_int172|hnscc|head and neck,RASSF8,11228,0.018708,weighted_sum|1.496181,10.1093/annonc/mdu173,
dececco2014_int172,dececco2014_int172|hnscc|head and neck,SNX29P2,440352,-0.00768,weighted_sum|1.496181,10.1093/annonc/mdu173,
dececco2014_int172,dececco2014_int172|hnscc|head and neck,MYH10,4628,0.033662,weighted_sum|1.496181,10.1093/annonc/mdu173,
dececco2014_int172,dececco2014_int172|hnscc|head and neck,SLC22A17,51310,0.010425,weighted_sum|1.496181,10.1093/annonc/mdu173,
dececco2014_int172,dececco2014_int172|hnscc|head and neck,FIBCD1,84929,-0.000436,weighted_sum|1.496181,10.1093/annonc/mdu173,
dececco2014_int172,dececco2014_int172|hnscc|head and neck,LDLRAD3,143458,0.020146,weighted_sum|1.496181,10.1093/annonc/mdu173,
dececco2014_int172,dececco2014_int172|hnscc|head and neck,TLR8,51311,-0.033437,weighted_sum|1.496181,10.1093/annonc/mdu173,
dececco2014_int172,dececco2014_int172|hnscc|head and neck,BOD1,91272,0.013849,weighted_sum|1.496181,10.1093/annonc/mdu173,
dececco2014_int172,dececco2014_int172|hnscc|head and neck,CXCR3,2833,-0.0239,weighted_sum|1.496181,10.1093/annonc/mdu173,
dececco2014_int172,dececco2014_int172|hnscc|head and neck,GCH1,2643,-0.031173,weighted_sum|1.496181,10.1093/annonc/mdu173,
dececco2014_int172,dececco2014_int172|hnscc|head and neck,NADK,65220,-0.007809,weighted_sum|1.496181,10.1093/annonc/mdu173,
dececco2014_int172,dececco2014_int172|hnscc|head and neck,CPNE9,151835,-0.005261,weighted_sum|1.496181,10.1093/annonc/mdu173,
dececco2014_int172,dececco2014_int172|hnscc|head and neck,NUDT9,53343,0.00742,weighted_sum|1.496181,10.1093/annonc/mdu173,
dececco2014_int172,dececco2014_int172|hnscc|head and neck,PDE6D,5147,-0.000149,weighted_sum|1.496181,10.1093/annonc/mdu173,
dececco2014_int172,dececco2014_int172|hnscc|head and neck,IQGAP1,8826,-0.012194,weighted_sum|1.496181,10.1093/annonc/mdu173,
dececco2014_int172,dececco2014_int172|hnscc|head and neck,FAM53C,51307,0.005389,weighted_sum|1.496181,10.1093/annonc/mdu173,
dececco2014_int172,dececco2014_int172|hnscc|head and neck,ITGB5,3693,0.018649,weighted_sum|1.496181,10.1093/annonc/mdu173,
dececco2014_int172,dececco2014_int172|hnscc|head and neck,USP40,55230,0.007685,weighted_sum|1.496181,10.1093/annonc/mdu173,
dececco2014_int172,dececco2014_int172|hnscc|head and neck,SCFD2,152579,0.007218,weighted_sum|1.496181,10.1093/annonc/mdu173,
dececco2014_int172,dececco2014_int172|hnscc|head and neck,TCEAL9,51186,0.022397,weighted_sum|1.496181,10.1093/annonc/mdu173,
dececco2014_int172,dececco2014_int172|hnscc|head and neck,SLC37A3,84255,0.011197,weighted_sum|1.496181,10.1093/annonc/mdu173,
dececco2014_int172,dececco2014_int172|hnscc|head and neck,FOXP3,50943,-0.006495,weighted_sum|1.496181,10.1093/annonc/mdu173,
dececco2014_int172,dececco2014_int172|hnscc|head and neck,RESF1,55196,-0.030628,weighted_sum|1.496181,10.1093/annonc/mdu173,
dececco2014_int172,dececco2014_int172|hnscc|head and neck,GNA13,10672,-0.012223,weighted_sum|1.496181,10.1093/annonc/mdu173,
dececco2014_int172,dececco2014_int172|hnscc|head and neck,ST8SIA2,8128,0.009534,weighted_sum|1.496181,10.1093/annonc/mdu173,
dececco2014_int172,dececco2014_int172|hnscc|head and neck,LYZ,4069,-0.061481,weighted_sum|1.496181,10.1093/annonc/mdu173,
dececco2014_int172,dececco2014_int172|hnscc|head and neck,CADM1,23705,0.007572,weighted_sum|1.496181,10.1093/annonc/mdu173,
dececco2014_int172,dececco2014_int172|hnscc|head and neck,C11orf49,79096,0.005181,weighted_sum|1.496181,10.1093/annonc/mdu173,
dececco2014_int172,dececco2014_int172|hnscc|head and neck,NLRC5,84166,-0.051927,weighted_sum|1.496181,10.1093/annonc/mdu173,
dececco2014_int172,dececco2014_int172|hnscc|head and neck,CARS2,79587,0.002896,weighted_sum|1.496181,10.1093/annonc/mdu173,
dececco2014_int172,dececco2014_int172|hnscc|head and neck,GZF1,64412,0.007357,weighted_sum|1.496181,10.1093/annonc/mdu173,
dececco2014_int172,dececco2014_int172|hnscc|head and neck,FXYD2,486,-0.013468,weighted_sum|1.496181,10.1093/annonc/mdu173,
dececco2014_int172,dececco2014_int172|hnscc|head and neck,HTRA3,94031,0.009066,weighted_sum|1.496181,10.1093/annonc/mdu173,
dececco2014_int172,dececco2014_int172|hnscc|head and neck,NAP1L5,266812,0.006929,weighted_sum|1.496181,10.1093/annonc/mdu173,
dececco2014_int172,dececco2014_int172|hnscc|head and neck,TIGD7,91151,0.010391,weighted_sum|1.496181,10.1093/annonc/mdu173,
dececco2014_int172,dececco2014_int172|hnscc|head and neck,PHC1,1911,0.011817,weighted_sum|1.496181,10.1093/annonc/mdu173,
dececco2014_int172,dececco2014_int172|hnscc|head and neck,LAMC1,3915,0.022009,weighted_sum|1.496181,10.1093/annonc/mdu173,
dececco2014_int172,dececco2014_int172|hnscc|head and neck,AMPD3,272,-0.017009,weighted_sum|1.496181,10.1093/annonc/mdu173,
dececco2014_int172,dececco2014_int172|hnscc|head and neck,VPS26C,10311,-0.008808,weighted_sum|1.496181,10.1093/annonc/mdu173,
dececco2014_int172,dececco2014_int172|hnscc|head and neck,VASP,7408,-0.009779,weighted_sum|1.496181,10.1093/annonc/mdu173,
dececco2014_int172,dececco2014_int172|hnscc|head and neck,STK25,10494,0.011242,weighted_sum|1.496181,10.1093/annonc/mdu173,
dececco2014_int172,dececco2014_int172|hnscc|head and neck,DMTN,2039,-0.001113,weighted_sum|1.496181,10.1093/annonc/mdu173,
dececco2014_int172,dececco2014_int172|hnscc|head and neck,ILKAP,80895,0.00396,weighted_sum|1.496181,10.1093/annonc/mdu173,
dececco2014_int172,dececco2014_int172|hnscc|head and neck,SPATS2L,26010,0.006023,weighted_sum|1.496181,10.1093/annonc/mdu173,
dececco2014_int172,dececco2014_int172|hnscc|head and neck,SRPRA,6734,-0.011713,weighted_sum|1.496181,10.1093/annonc/mdu173,
dececco2014_int172,dececco2014_int172|hnscc|head and neck,DOC2B,8447,-0.007289,weighted_sum|1.496181,10.1093/annonc/mdu173,
dececco2014_int172,dececco2014_int172|hnscc|head and neck,ZDHHC9,51114,0.023215,weighted_sum|1.496181,10.1093/annonc/mdu173,
dececco2014_int172,dececco2014_int172|hnscc|head and neck,VAT1,10493,0.007854,weighted_sum|1.496181,10.1093/annonc/mdu173,
dececco2014_int172,dececco2014_int172|hnscc|head and neck,NLN,57486,0.011596,weighted_sum|1.496181,10.1093/annonc/mdu173,
dececco2014_int172,dececco2014_int172|hnscc|head and neck,KIR2DS2,100132285,-0.009315,weighted_sum|1.496181,10.1093/annonc/mdu173,
dececco2014_int172,dececco2014_int172|hnscc|head and neck,SPI1,6688,-0.02233,weighted_sum|1.496181,10.1093/annonc/mdu173,
dececco2014_int172,dececco2014_int172|hnscc|head and neck,GVINP1,387751,-0.041146,weighted_sum|1.496181,10.1093/annonc/mdu173,
dececco2014_int172,dececco2014_int172|hnscc|head and neck,CFDP1,10428,0.014681,weighted_sum|1.496181,10.1093/annonc/mdu173,
dececco2014_int172,dececco2014_int172|hnscc|head and neck,KIR2DL4,3805,-0.011784,weighted_sum|1.496181,10.1093/annonc/mdu173,
dececco2014_int172,dececco2014_int172|hnscc|head and neck,SNCG,6623,-0.005371,weighted_sum|1.496181,10.1093/annonc/mdu173,
dececco2014_int172,dececco2014_int172|hnscc|head and neck,GBP4,115361,-0.049173,weighted_sum|1.496181,10.1093/annonc/mdu173,
dececco2014_int172,dececco2014_int172|hnscc|head and neck,POFUT1,23509,0.008171,weighted_sum|1.496181,10.1093/annonc/mdu173,
dececco2014_int172,dececco2014_int172|hnscc|head and neck,KITLG,4254,-0.013013,weighted_sum|1.496181,10.1093/annonc/mdu173,
dececco2014_int172,dececco2014_int172|hnscc|head and neck,THUMPD2,80745,0.013543,weighted_sum|1.496181,10.1093/annonc/mdu173,
dececco2014_int172,dececco2014_int172|hnscc|head and neck,KEL,3792,-0.00943,weighted_sum|1.496181,10.1093/annonc/mdu173,
dececco2014_int172,dececco2014_int172|hnscc|head and neck,ARHGAP30,257106,-0.032182,weighted_sum|1.496181,10.1093/annonc/mdu173,
dececco2014_int172,dececco2014_int172|hnscc|head and neck,TRAM1L1,133022,0.019982,weighted_sum|1.496181,10.1093/annonc/mdu173,
dececco2014_int172,dececco2014_int172|hnscc|head and neck,PTX3,5806,0.047931,weighted_sum|1.496181,10.1093/annonc/mdu173,
dececco2014_int172,dececco2014_int172|hnscc|head and neck,TMEM128,85013,0.005778,weighted_sum|1.496181,10.1093/annonc/mdu173,
dececco2014_int172,dececco2014_int172|hnscc|head and neck,STBD1,8987,0.004126,weighted_sum|1.496181,10.1093/annonc/mdu173,
dececco2014_int172,dececco2014_int172|hnscc|head and neck,CACTIN,58509,-0.002189,weighted_sum|1.496181,10.1093/annonc/mdu173,
dececco2014_int172,dececco2014_int172|hnscc|head and neck,FLI1,2313,-0.030291,weighted_sum|1.496181,10.1093/annonc/mdu173,
dececco2014_int172,dececco2014_int172|hnscc|head and neck,TREML2,79865,-0.006737,weighted_sum|1.496181,10.1093/annonc/mdu173,
dececco2014_int172,dececco2014_int172|hnscc|head and neck,USP13,8975,0.028433,weighted_sum|1.496181,10.1093/annonc/mdu173,
dececco2014_int172,dececco2014_int172|hnscc|head and neck,DAPK3,1613,-0.006682,weighted_sum|1.496181,10.1093/annonc/mdu173,
dececco2014_int172,dececco2014_int172|hnscc|head and neck,GPRASP2,114928,0.033283,weighted_sum|1.496181,10.1093/annonc/mdu173,
dececco2014_int172,dececco2014_int172|hnscc|head and neck,KLRC2,3822,-0.060381,weighted_sum|1.496181,10.1093/annonc/mdu173,
dececco2014_int172,dececco2014_int172|hnscc|head and neck,RAP2B,5912,-0.008396,weighted_sum|1.496181,10.1093/annonc/mdu173,
dececco2014_int172,dececco2014_int172|hnscc|head and neck,LSP1P5,645166,0.039103,weighted_sum|1.496181,10.1093/annonc/mdu173,
